Role,Companies,Location,Experience,Skills
Data Science/analysis Expert - Machine Learning,Catalyst,Bengaluru,2-6 Yrs,"IT Skills
Python
Data Science
Machine Learning
Tableau
analytics
deep learning
algorithms"
Internship ON Python DATA Science AND Machine Learning,Wozti Infotech ,"Thrissur, Kozhikode, Kochi",0-1 Yrs,"IT Skills
Data Science
Data sc
Python"
Data Science & Machine Learning Engineer,Pactera Technologies India Private Limited,Hyderabad,2-5 Yrs,"Decision Trees
Machine Learning
Python
IT Skills
Python
Testing
Machine Learning
Cloud"
Data Science Engineer - ETL/Python/R,DATA LABS,Pune,0-1 Yrs,"IT Skills
Python
Testing
Tableau
Data Science
Application Designing
Business Intelligence
R"
Data Science - Intern,zeotap,Bengaluru,0-1 Yrs,"Computer science
Health insurance
ISO 27001
Machine learning
Manager Technology
Programming
data privacy
Data mining"
Inviting Applications For Python/R + Data Science - Manager - Noida,GENPACT India Private Limited,Noida,6-8 Yrs,"Predictive Modeling
ARIMA/ARIMAX
Forecasting
R
Arima
Data Analysis
Statistical Modeling
SQL Queries"
Data Science Engineer - Statistical Modeling/ Machine Learning,Lera Technologies Pvt. Ltd,India,7-12 Yrs,"IT Skills
Python
Machine Learning
Artificial Intelligence
Data Science
Predictive Modeling
Data Scientist
Artificial Intelligence"
Data Science/ Analysis Expert - Machine Learning,Catalyst,Bengaluru,2-6 Yrs,"Regression Algorithms
NLP
Data Scientist
Artificial Intelligence
Data Modeling
Data Warehousing
Data Analytics
ETL"
Data Science/ Scientist - Python/ Deep Learning,ICR INDIA CERTIFICATIONS PRIVATE LIMITED ,"Chennai, Bengaluru, Hyderabad",0-3 Yrs,"python
c++
java"
Analyst - Data Science,Merkle Inc.,Pune,1-6 Yrs,"IT Skills
Python
Data Science
Tableau
Power BI
Data validation
SAS
Technology solutions"
Analyst - Data Science,Merkle Sokrati,Pune,1-6 Yrs,"Analyst
Data validation
data science
SAS
Troubleshooting
Adobe
Digital marketing
Analytics"
"Data Science Engineer, SMART MFG & AI",Micron Semiconductor Asia Pte Ltd,Hyderabad,3-6 Yrs,"R
Data Analysis
SQL Server
Tableau
Sap Hana
SSIS
Machine Learning
Python"
Data science Consultant,Dell International Services IndiaPrivate Limited,Bengaluru,10-15 Yrs,"IT Skills
Data Science
Machine Learning
Big Data
Data Transformation
Automation
Business Intelligence
Statistical modeling"
Sr Data Science Consultants,Larsen & Toubro Infotech Limited,India,3-5 Yrs,"IT Skills
Data Science
Machine Learning
Computer science
Data analysis
data science
Consulting
Machine learning"
"Senior Analyst, Data Science",Ingredion,Mumbai,3-5 Yrs,"IT Skills
Python
Data Science
Cloud
Operations research
Analytical
Data collection
market data"
Data Analyst - Data Science,DataToBiz,Chandigarh,3-7 Yrs,"IT Skills
Python
Cloud
Oracle
AWS
Tableau
Power BI
DataLake"
Data Science Manager,Talent  Corner HR Services Pvt Ltd,"Chennai, Pune, Delhi NCR, Mumbai, Bengaluru, Hyderabad",5-10 Yrs,"IT Skills
Java
Python
Software Development
Oracle
Big Data
.Net
SAP"
Senior Manager- Data Science & Analytics,Novartis Healthcare Pvt. Ltd.,Hyderabad,8-10 Yrs,"CRO
Medical devices
Data management
Pharma
Analytical
Project management
Clinical trials
Pharmacovigilance"
Manager Data Science,Reliance Jio Infocomm Ltd.,Hyderabad,5-7 Yrs,"Report generation
Data management
Machine learning
Data structures
Business modeling
Mobile applications
Data warehousing
Predictive analytics"
Technical Trainee - Data Science/ Machine Learning,Ideadunes,Pune,2-6 Yrs,"IT Skills
Python
Data Science
Machine Learning
Artificial Intelligence
Cloud
AWS
Azure"
Data Science Analyst - NLP/Machine Learning,Randstad,Bengaluru,2-7 Yrs,"IT Skills
Python
Machine Learning
Predictive Modeling
Data Science
R
NLP
Data Management"
Need Data Science - Python,Confidential,"Pune, Bengaluru, Hyderabad",8-13 Yrs,"IT Skills
Java
Python
Cloud
AWS
Data Science
Java
Algorithms"
Online Faculty For Data Science & Business Analytics,LINC Education,"Delhi NCR, Mumbai, Bengaluru",5-10 Yrs,"Business Analytics
teaching
Data Science
college
Big Data Analytics
education
university
Data Management"
Senior Analyst-Data Science,Accenture Solutions Pvt Ltd,Bengaluru,5-8 Yrs,"IT Skills
Data Science
Analyst
Publishing
Excel
Statistical analysis
Architecture
data science"
Software Developer - Golang & Data Science,EsoTeky Solutions Private Limited,Pune,7-10 Yrs,"IT Skills
Java
Software Development
Data Science
Machine Learning
Cloud
DevOps
Elastic Search"
Data Analytics/Data Science,COLLABERA,Pune,1-3 Yrs,"Data Science
R
Excel
Data Analytics"
Data Science Manager,ZS Associates India Pvt Ltd,"Delhi NCR, Pune",8-12 Yrs,"nlp
data science
Data Scientist
Artificial Intelligence
Natural Language Processing
AI
analytical techniques
machine learning"
Head of Data Science - Machine Learning - R/ Python/ Tensorflow,Beiing.in,Bengaluru,10-14 Yrs,"IT Skills
Python
Testing
Data Science
Machine Learning
Elastic Search
Data Science
Regression Algorithms"
Data Science Product Manager Artificial Intelligence/ Machine Learning,Catalyst,Bengaluru,4-9 Yrs,"IT Skills
Python
Data Science
Machine Learning
Artificial Intelligence
Big Data
Data Science
Tensorflow"
Data Science Lead,Integra Software Services Pvt. Ltd.,"Chennai, Pondicherry",7-12 Yrs,"NLP
Deep Learning
Python
IT Skills
Java
Python
Big Data
AWS"
Consultant / Senior Consultant - Data Science,AbsolutData Research Analytics Solutions Pvt. Lt,"Pune, Gurgaon",4-8 Yrs,"Product management
Telecom
Supply chain management
Backend
Market research
Healthcare
Telecommunication
Automotive"
Assistant Director - Data Science,ExecBoardinAsia,Bengaluru,9-10 Yrs,"Assistant Director
data science
Analytical
Machine learning
Research
Fact
Supervision"
Data Science,Accenture Solutions Pvt Ltd,Bengaluru,3-4 Yrs,"IT Skills
Data Science
Machine Learning
Business process
Client handling
deep learning
C
data science"
Data Science Trainer,NIIT Ltd.,Bengaluru,10-15 Yrs,"Tensorflow
Data Science
R
Hadoop
Spark
Seaborn
Machine Learning
Deep Learning"
Team Lead/Consultant-Data Science,Accenture Solutions Pvt Ltd,Bengaluru,7-11 Yrs,"IT Skills
Data Science
Project Management
Power BI
BPO
project management
Publishing
Architecture"
Data Science Application Lead,Accenture Solutions Pvt Ltd,Bengaluru,8-10 Yrs,"IT Skills
Python
Data Science
Machine Learning
Cloud
Big Data
Azure
data science"
Principal Consultant- Data Science,D-Cube Analytics Private Limited ,"Chennai, Bengaluru",6-10 Yrs,"Tensorflow
Algorithms
Machine Learning
IT Skills
Python
Machine Learning
Cloud
AWS"
Looking For Associate Director -Data Science,Lendingkart Technologies Pvt. Ltd.,Bengaluru,5-10 Yrs,"Mortgage
Risk Modeling
Collections
Modeling"
Director Data Science (principal Scientist),Search Advisers Services ( GUJ ) Pvt. Ltd.,Bengaluru,10-20 Yrs,"Team Management
deep l&d
Data Mining
Process Improvement
Text Mining
Machine Learning
Statistics
Deep Learning"
Machine Learning Engineer - Data Modeling/ Data Science,Confidential,Pune,4-6 Yrs,"IT Skills
Java
Python
Data Science
Machine Learning
Data Science
Java
R"
"Data Science Engineer, SMART MFG & AI",Micron Semiconductor Asia Pte Ltd,Hyderabad,6-10 Yrs,"Snowflake
Web Development
Image processing
Data science engineer
scikit-image
Angular
Node.js
typescript"
SE- Data Science,Bold Technology Systems Private Limited,Noida(Sector-135 Noida),3-5 Yrs,"deep learning
predictive modelling
r
python
NLP
data science
redshift
machine learning"
Manager Data Science,Reliance Jio Infocomm Ltd.,Mumbai,5-8 Yrs,"Report generation
Data management
Machine learning
Data structures
Business modeling
Mobile applications
Data warehousing
Predictive analytics"
Associate Professor / Professor Data Science & Information Systems,Krea University,Chittoor,2-6 Yrs,"Computer science
data science
Data management
Associate Professor
Machine learning
Programming
Research
data visualization"
Analyst-Data Science,Accenture Solutions Pvt Ltd,Mumbai,3-5 Yrs,"IT Skills
Data Science
Machine Learning
Project Management
BPO
project management
Publishing
Data management"
Manager Data Science,Reliance Jio Infocomm Ltd.,Mumbai,5-10 Yrs,"Report generation
Data management
Machine learning
Data structures
Business modeling
Mobile applications
Data warehousing
Predictive analytics"
Hiring Data Science Team For MNC's,ICR INDIA CERTIFICATIONS PRIVATE LIMITED ,"Chennai, Bengaluru, Hyderabad",0-3 Yrs,"python
C++
java"
Senior Data Science Engineer,GAINSIGHT INC.,Hyderabad,3-6 Yrs,"IT Skills
Java
Python
Software Development
Machine Learning
Product engineering
Coding
Consulting"
Head of Data Science - Machine Learning - R/ Python/ Tensorflow,Beiing.in,Bengaluru,10-14 Yrs,"IT Skills
Python
Testing
Data Science
Machine Learning
Elastic Search
Data Science
Regression Algorithms"
Analytics Manager (Data Science)- Immediate joiner preferred from T1,BLUDGEON CONSULTANCY PRIVATE LIMITED  ,Delhi NCR,5-10 Yrs,"Java
Azure
Architecture
Scala
Hadoop
Financial Sales
J2Ee
Spring"
Consultant / Senior Consultant - Data Science,AbsolutData Research Analytics Solutions Pvt. Lt,"Pune, Gurgaon",4-8 Yrs,"Product management
Telecom
Supply chain management
Backend
Market research
Healthcare
Telecommunication
Automotive"
Data Science/Analysis Expert - Machine Learning,Catalyst,Bengaluru,2-6 Yrs,"IT Skills
Python
Data Science
Machine Learning
Tableau
Regression Algorithms
NLP
Data Scientist"
Senior Manager –Data Science Engineer (Full Stack),Bajaj Finance Limited,Pune,7-11 Yrs,"Java
Hive
Algorithms
NoSQL
Neo4J
Hadoop
MySQL
MS SQL Server"
Manager - Data Science,Merkle Inc.,Pune,3-8 Yrs,"IT Skills
Python
Data Science
Tableau
Power BI
Data validation
Marketing analytics
SAS"
Manager - Data Science,Merkle Sokrati,Pune,3-8 Yrs,"Data validation
data science
SAS
Troubleshooting
Adobe
Digital marketing
Analytics
Monitoring"
Data Science,Accenture Solutions Pvt Ltd,Mumbai,2-4 Yrs,"IT Skills
Java
Python
Data Science
Tableau
Operations research
data science
Analytical"
DATA SCIENCE ENGINEERS ,Summit Information Technologies Pvt. Ltd.c,Gurgaon,2-9 Yrs,"IT Skills
Python
Data Science
data science
Analytics
Python"
Data Science and Artificial Intelligence unpaid Internship,Aerofolic Business Solution ,Bengaluru,0-1 Yrs,"NLP
Natural Language Processing
Text Mining
Machine Learning
Python"
Assistant/ Associate Professor (Data Science/Artificial Intelligence),"LNCT Raisen, Bhopal",Bhopal,3-8 Yrs,"Data Science
Artificial Intelligence"
Sr Data Science Manager,HERE Technologies,"Mumbai, Mumbai City",10-18 Yrs,"IT Skills
Machine Learning
Big Data
AWS
Tableau
Data Scientist
AI
Machine Learning"
Manager Data Science,Reliance Jio Infocomm Ltd.,Hyderabad,5-7 Yrs,"Report generation
Data management
Machine learning
Data structures
Business modeling
Mobile applications
Data warehousing
Predictive analytics"
Chief Intelligence Officer - Data Science & Analytics,Talpro,"Delhi/NCR Delhi NCR, Delhi, Mumbai, Bengaluru, Gurgaon Gurugram",8-12 Yrs,"machine learning
forecasting
SAS
decision trees
Data Management
Data Science
survival modeling
Statistics"
Chief Intelligence Officer - Data Science & Analytics,Talpro,"Delhi NCR, Mumbai, Bengaluru, Gurgaon",8-12 Yrs,"SAS
Data Management
Statistics
Analytics"
Data Science Product Manager,Catalyst,Bengaluru,4-9 Yrs,"IT Skills
Python
Data Science
Machine Learning
Artificial Intelligence
Big Data
Data Science Product Manager
R"
Data Science Professional,Bion,Bengaluru,3-5 Yrs,"IT Skills
Java
Python
Data Science
Machine Learning
Cloud
Oracle
Big Data"
Data Science Product Manager,Bion,Bengaluru,4-9 Yrs,"IT Skills
Python
Data Science
Machine Learning
Artificial Intelligence
Big Data
Data Science Product Manager
Tensorflow / Keras libraries"
Data Science / Machine Learning stream project intern,Vikatan,Chennai,0-1 Yrs,"Computer science
Printing
Power house
Publishing
data science
Machine learning
Manager Technology
digital transformation"
Head - Data Science & Artificial Intelligence,MarketScope,Hyderabad,13-19 Yrs,"IT Skills
Data Science
Artificial Intelligence
Data Science
IT Head
Data Scientist
Artificial Intelligence
Data Science head"
Business Engagement Lead - Digital Transformation (Data Science),PEOPLESTRONG TECHNOLOGIES PRIVATE LIMITED  ,Hyderabad,8-12 Yrs,"Data Science
Digital Transformation
analytics
Stakeholder Management"
Part Time Academic Writer For Econometric/Data Science/Statistics,Paperpedia private limited,"Chennai, Delhi NCR(Sector-16 Noida), Bengaluru, Hyderabad, Noida, Kolkata",0-5 Yrs,"STATA
SPSS
Econometrics
Big Data Analytics
Eviews
Research
Statistics
Data Science"
Senior Software Developer - NLP/ Machine Learning/ Data Science,Cunesoft,Bengaluru,5-8 Yrs,"IT Skills
Java
Python
Cloud
Project Management
Product Management
Azure
BPO"
"Computer Science Faculty For B.Tech (AI, ML, IoT, Data Science)",Vision Group of Institutions,"Aligarh, Kanpur",0-5 Yrs,"Java
software
Artificial Intelligence
Programming
topper
Machine Learning
computer sciene & engineering
IOT"
Senior Software Developer - Nlp/machine Learning/data Science,Cunesoft,Bengaluru,5-8 Yrs,"IT Skills
Java
Python
Cloud
Project Management
Product Management
Azure
BPO"
Software Developer - NLP /machine Learning/ Data Science,Cunesoft,Bengaluru,3-5 Yrs,"IT Skills
Java
Python
Cloud
Project Management
Product Management
Azure
BPO"
Data Science Intern,DataTrained,"Bengaluru, Noida",0-2 Yrs,"Computer science
SAN
French
data science
Intern
Analytical
Machine learning
Predictive modeling"
Data Science Manager,Talent  Corner HR Services Pvt Ltd,"Chennai, Pune, Delhi NCR, Mumbai, Bengaluru, Hyderabad",5-10 Yrs,"IT Skills
Java
Python
Software Development
Big Data
.Net
Java
Storm"
Senior Trainer - Data Science/Artificial Intelligence/Machine Learning,Intelliworx Consulting         ,"Chennai, Bengaluru, Hyderabad",6-11 Yrs,"Tensorflow
Predictive Modeling
CNN
python
Tensor
SAS
scikit-learn
Artificial Intelligence"
Head - Data Science,Beiing.in,"Banaglore,  Abudhabi",10-15 Yrs,"data scientist
R
decision tree
data mining
k means
Python
Machine learning
regression"
Manager - Data Science - BFSI,NovoTree Minds Consulting Pvt. Ltd.,"Mumbai, Any Location",6-10 Yrs,"Data Science
Consulting - BFSI
NLP
Big Data
Statistical Modeling
Machine Learning
SQL
Python"
Marketing Data Science Professional - SAS - Consulting Firm,Huquo Consulting Pvt. Ltd,Gurgaon Gurugram,2-5 Yrs,"Data Science
SAS
Data Management
Big Data
Data Mining
Data Visualization
statistical modeling
Marketing Analytics"
Global Head - Advanced Analytics/ Data Science/ Data Engineering,Rinalytics Advisors,Mumbai,15-20 Yrs,"Data Science
Artificial Intelligence
Data Architect
Data Management
Big Data
Data Visualization
Data Analytics
Analytics"
Senior Manager/manager- Data Science- Pricing Analytics& SCM Analytics,Talpro,"Delhi NCR, Gurgaon",5-8 Yrs,"IT Skills
Data Science
Data Science
Supply Chain Analytics
Data Management
Pricing models
Analytics
Business Analysis"
Data Science Developer - Analytics/ Alteryx,The Hiring Story,Mumbai,3-7 Yrs,"IT Skills
Data Science
Data Science
R
SQL database
Workflows
Macro
Data Management"
Senior Manager/manager - Data Science,Talpro,Gurgaon,6-8 Yrs,"Data Science
Pricing Analysis
Supply Chain Analytics
Data Analytics
Statistics
Analytics
Consulting - Retail
Business Analysis"
Senior Manager/ Manager - Data Science - Pricing Analytics,Talpro,"Delhi NCR, Gurgaon",5-8 Yrs,"Data Science
Supply Chain Analytics
Data Management
Analytics
Business Analysis
Predictive Analytics"
Senior Manager/manager - Data Science - Pricing Analytics,Talpro,Gurgaon,6-8 Yrs,"Data Science
Pricing Analysis
Supply Chain Analytics
Data Analytics
Statistics
Analytics
Consulting - Retail
Business Analysis"
Senior Manager/manager- Data Science - Pricing Analytics & SCM,Talpro,"Delhi NCR, Gurgaon",5-8 Yrs,"Data Science
Supply Chain Analytics
Data Management
Analytics
Business Analysis
Predictive Analytics"
"Trainee - Data Science, Artificial Intelligence & Data Analytics",MagicBase Royal BD Pvt Ltd,Bengaluru(Whitefield),0-2 Yrs,"IT Skills
Python
Data Science
Machine Learning
Data Science
Artificial Intelligence
Data Analytics"
"Senior Analyst, Data Science",Varite,Bengaluru,3-6 Yrs,"IT Skills
Power BI
Azure
Analyst
Excel
data science
Agile
power bi"
Data Science Internship - Immediate Joining,NeenOpal Intelligent Solutions Pvt. Ltd.,Bengaluru,0-1 Yrs,"data science
Intern
Coding
Machine learning
Data analytics
Internship
Python"
Analyst - Data Science,Nuware  Systems Pvt Ltd,Bengaluru,3-6 Yrs,"Data analysis
RDBMS
Bfsi
Application programming
Machine learning
Investment banking
Data mining
Macros"
Delivery Manager Data Science Operations,Acuity Knowledge Services (India) Private Limited,Bengaluru,8-13 Yrs,"Computer science
Process automation
Data analysis
PDF
SAS
GCP
Analytical
Business intelligence"
Data Science Operations,Acuity Knowledge Services (India) Private Limited,Bengaluru,6-11 Yrs,"Computer science
Front office
Data analysis
data science
Financial analysis
Investment research
HR
Financial services"
Data Analyst / Data Science Intern,Futurewagon Private Limited,Bengaluru,1-3 Yrs,"Operations management
Excel
data science
Intern
Analytical
Data Analyst
Management
Internship"
Senior Analyst- Data Science,Accenture Solutions Pvt Ltd,Bengaluru,5-8 Yrs,"IT Skills
Data Science
Machine Learning
Artificial Intelligence
Project Management
BPO
project management
Analyst- Data Science"
Analyst (Data Science),Bloom Consulting Services,Bengaluru,3-8 Yrs,"github
Version control
data science
SQL database
Agile development
control testing
Consulting
Machine learning"
Sr Analyst Data Science Analytics,Empower Retirement,Bengaluru,2-6 Yrs,"Analyst
Google Analytics
SAS
data science
Coding
Data modeling
Operations
Financial services"
Data Science and Artificial Intelligence unpaid Internship,Aerofolic Business Solution ,Bengaluru,0-1 Yrs,"NLP
Natural Language Processing
Text Mining
Machine Learning
Python"
Senior Software Developer - NLP/ Machine Learning/ Data Science,Cunesoft,Bengaluru,5-8 Yrs,"IT Skills
Java
Python
Cloud
Project Management
Product Management
Azure
BPO"
"TTEC  -  Senior Analyst ,  Data Science",TTEC,Hyderabad,1-3 Yrs,"Data analysis
Coding
Consulting
Business intelligence
Open source
Data mining
Information technology
Macros"
"Data Science Analyst - R, Python",Larsen & Toubro Infotech Limited,india,2-7 Yrs,"IT Skills
Python
Data Science
Azure
Logistic regression
Neural networks
Analytical
Data structures"
Business Analyst – Data Science,Sitel India Pvt Ltd,Chennai,4-9 Yrs,"BPO
voice
PyAutoGUI
NLTK
Textblob
PYautomate
UI Path
Python"
Data Science Lead - IT,hCapital Executive Search,Bengaluru,12-18 Yrs,"IT Skills
Python
Data Science
Machine Learning
Cloud
Big Data
AWS
Azure"
Global Head - Advanced Analytics/Data Science/Data Engineering - FMCG,Rinalytics Advisors,"Mumbai, Bengaluru",15-20 Yrs,"Data Science
Artificial Intelligence
Data Architect
Data Management
Big Data
Data Visualization
Data Analytics
Analytics"
Data Science Specialist,GreatLearning,"Bengaluru, Gurgaon",2-5 Yrs,"Data analysis
LMS
data science
Project management
Business analytics
Hypothesis Testing
Business intelligence
Analytics"
Technical Data Analyst – Data Science and Analytics,vConstruct Private Limited,Pune,3-6 Yrs,"BI Tools
Power Bi
SSRS
SQL Server
Machine Learning
SQL
Data Science
R"
Data Science Manager / Project Manager,QubeRoot Analytics,Bengaluru,8-13 Yrs,"Computer science
Data analysis
Business objects
Process optimization
Bfsi
MySQL
Healthcare
Data mining"
Data Science – Python developer,Ethiraj Associates Private Limited,Bengaluru,7-10 Yrs,"IT Skills
Python
Data Science
Machine Learning
Oracle
Big Data
Data Science
Scipy"
Artificial Intelligence/Machine learning/Data Science,Spectrum Consultants India Pvt Ltd.,Bengaluru,8-13 Yrs,"Computer science
Electrical engineering
deep learning
Literature
data science
Artificial Intelligence
Machine learning
Silicon"
DATA SCIENCE Analyst,Vchip-edu,Pune,5-10 Yrs,"IT Skills
Python
Tutor
Data analysis
data science
Manager Technology
Entrepreneur
SQL"
Sr. Analyst- Data Science,Merkle Inc.,Pune,3-6 Yrs,"Data validation
advertising agency
SAS
EMEA
Troubleshooting
Adobe
Digital marketing
Comparative analysis"
Data Science - Intern,Merkle Inc.,Pune,0-1 Yrs,"IT Skills
Python
Data Science
Tableau
Power BI
Data validation
advertising agency
SAS"
Software Developer - NLP/ Data Science/ Machine Learning,Cunesoft,Bengaluru,3-8 Yrs,"IT Skills
Java
Python
Cloud
Project Management
Product Management
Azure
BPO"
"Internship in Data Science, AI and  Machine Learning -  Online",www.iibmindia.in,"Mumbai, Bengaluru, Hyderabad",0-5 Yrs,"IT Skills
Data Science
Data Science
fresher
any graduate
Online
Internship
work from home"
Data Science,Capgemini,Bengaluru,4-6 Yrs,"IT Skills
Python
Data Science
Cloud
AWS
Azure
Computer science
deep learning"
Senior Analyst / Assistant Manager Data Science,Latent view,Chennai,3-8 Yrs,"Text mining
Analyst
data science
Business analysis
Machine learning
QlikView
Data mining
Analytics"
"Computer Science Faculty For B.Tech (AI, ML, IoT, Data Science)",Vision Group of Institutions,"Aligarh, Kanpur",0-5 Yrs,"Java
software
Artificial Intelligence
Programming
topper
Machine Learning
computer sciene & engineering
IOT"
Data Science Manager (Staff Data Scientist I/Staff Data Scientist II),Visible Alpha Solutions India Pvt. Ltd.,Mumbai,10-15 Yrs,"IT Skills
Python
Machine Learning
Big Data
data analytics
Sql
Machine Learning
algorithms"
Data Analyst / Sr. Data Analyst – Data Science,Reserve Bank Information Technology Pvt. Ltd.,Mumbai,3-8 Yrs,"LingPipe
Sentiment Analysis
Machine Learning
Scikit-Learn
Numpy
SQL
Nltk
Data Science"
Senior Analyst - Data Science - IIT/ NIT/ IIM/ Xlri/ FMS,Huquo Consulting Pvt. Ltd,Gurgaon,2-5 Yrs,"IT Skills
Python
Machine Learning
Tableau
Data Science
SAS
Tableau
Machine Learning"
Data Science Intern,newAmps Consulting Pvt. Ltd.,Kolkata,0-3 Yrs,"data science
Intern
Artificial Intelligence
Machine learning
Javascript
Natural language processing
Internship
Python"
Data Science,XenonStack Private Ltd,Mohali,0-2 Yrs,"Business improvement
C++
data science
cassandra
Analytical
Artificial Intelligence
Machine learning
Predictive modeling"
Data Science Associate,WRS Info India Pvt. Ltd.,"Lucknow, Noida",0-9 Yrs,"Campus
Loans
Email
data science
Consumer finance
Doc
Silicon
Associate"
Data Science Analyst,Devoted Health,Remote,3-8 Yrs,"remote
Health insurance
Operations research
data science
Analytical
Machine learning
Healthcare
Business intelligence"
Data Science Intern,Sankhkyiki Robotics,Mumbai,0-1 Yrs,"Computer vision
data science
Intern
big data analytics
Artificial Intelligence
Machine learning
Natural language processing
Statistics"
Data Science,XenonStack Private Ltd,Mohali,0-2 Yrs,"Unix
Performance tuning
Linux
Analytical
Artificial Intelligence
Shell scripting
Machine learning
Predictive modeling"
Data Science Trainee,Anantara Solutions Private Limited,Chennai,0-1 Yrs,"SAN
French
data science
Data modeling
Analytical
Cook
Manager Technology
SQL"
Data Science Interns,Aivamastu,Visakhapatnam,0-1 Yrs,"data science
Intern
Consulting
Internship
digital transformation
Software solutions"
Data Analyst - Data Science,DataToBiz,Chandigarh,3-7 Yrs,"IT Skills
Python
Cloud
Oracle
AWS
Tableau
Power BI
DataLake"
Data Analyst - Data Science,DataToBiz,Chandigarh,3-7 Yrs,"IT Skills
Python
Cloud
Oracle
AWS
Tableau
Power BI
DataLake"
Senior Software Engineer ( data sciences ),Myntra,Bengaluru,2-7 Yrs,"Data Science
Aerospike
Design Patterns
Cassandra
Big Data
Redis
MongoDB
Spark"
Product Manager(Data Science + Artificial Intelligence),Oracle,Hyderabad,5-10 Yrs,"Product Strategy
Data Science
Solution Marketing
IT Skills
Cloud
Project Management
Product Management
BPO"
Urgently Looking For Full - Data Science Trainer | Noida,Careerera,Noida(Sector-59 Noida),4-9 Yrs,"Full Stack Trainer
CSS
Corporate Trainer
Javascript
HTML"
Education Sales. | Data Science Sales | Noida | Careerera,SNVA Ventures Pvt Ltd,Noida(Sector-59 Noida),2-7 Yrs,"Data Science
inside sales
education sales
Sales
data science sales
skill based program
training
Business Development"
Business Development Ex. | Data Science Sales | Noida | Careerera,SNVA Ventures Pvt Ltd,Noida(Sector-59 Noida),2-7 Yrs,"Data Science
inside sales
education sales
Sales
data science sales
skill based program
training
Business Development"
Business Development Ex. | Data Science Sales | Noida | Careerera,SNVA Ventures Pvt Ltd,Noida(Sector-59 Noida),2-7 Yrs,"Data Science
inside sales
education sales
Sales
data science sales
skill based program
training
Business Development"
Inside Sales | Data Science Sales | Noida | Careerera,SNVA Ventures Pvt Ltd,Noida(Sector-59 Noida),2-7 Yrs,"Data Science
inside sales
education sales
Sales
data science sales
skill based program
training
Business Development"
Senior Software Engineer  -  Data Science and Machine Learning,VSH SOLUTIONS PRIVATE LIMITED,Pune,2-5 Yrs,"Computer science
GIT
NoSQL
cassandra
Analytical
Machine learning
MongoDB
MATLAB"
"Analyst Data Science (Risk/Fraud) AI ML based startup Magarpatta Pune
",Seventh Contact Hiring Solutions    ,"Pune, Bengaluru",3-6 Yrs,"Pune
IT Skills
Machine Learning
Data Science
Predictive Modeling
Banglore
Data Scientist
Magarpatta"
Senior Manager/manager- Data Science - Pricing Analytics & SCM,Talpro,"Delhi NCR, Gurgaon",5-8 Yrs,"Data Science
Supply Chain Analytics
Data Management
Analytics
Business Analysis
Predictive Analytics"
"Analyst Data Science (Risk/Fraud) AI ML based startup Magarpatta Pune
",Seventh Contact Hiring Solutions    ,"Pune, Bengaluru",3-6 Yrs,"Pune
IT Skills
Machine Learning
Data Science
Predictive Modeling
Banglore
Data Scientist
Magarpatta"
Data Science ( Python & Statistical Modelling ),JoulestoWatts Business Solutions Pvt Ltd,"Chennai, Pune, Bengaluru, Hyderabad, Gurgaon",5-10 Yrs,"Data Science
Predictive Modeling
ANCOVA
ANOVA
Natural Language Processing
Statistical Modeling
machine learning
SQL"
Job Opening For Data Science Module Lead position @ GlobalData(Hyd),GlobalData,Hyderabad(Kondapur),4-8 Yrs,"IT Skills
Python
Software Development
Data Science
Machine Learning
MS SQL
Data Science
MongoDB"
Infosys - Data Science Opening  - 3 yrs To 7 yrs,Infosys,"Chennai, Bhubaneshwar, Pune, Trivandrum, Mysore, Bengaluru, Chandigarh, Hyderabad",3-7 Yrs,"IT Skills
Data Science
Data Science
DataScience"
Senior Manager Data Science,ExecBoardinAsia,Chennai,5-10 Yrs,"Loop
Career development
Data analysis
data science
Analytical
Machine learning
Research
Operations"
Explore Job Opening on Data Science,ICR INDIA CERTIFICATIONS PRIVATE LIMITED ,"Chennai, Bengaluru, Hyderabad",0-3 Yrs,"python
C++
java"
Manager - Data Science,Merkle Inc.,Pune,3-8 Yrs,"IT Skills
Python
Data Science
Tableau
Power BI
Data validation
Marketing analytics
SAS"
Data Science  /  Machine Learning,Connect Infosoft Technologies Pvt.Ltd,Faridabad,7-12 Yrs,"Mining
data science
Coding
Time series analysis
Analytical
Artificial Intelligence
Consulting
Machine learning"
Data Science Machine Learning Engineering manager,CareerXperts Consulting,Not specified,8-13 Yrs,"assembly language
website
C
HTML
ajax
javascript
jquery
SQL"
Data Science Machine Learning Engineering manager,CareerXperts Consulting,India,8-10 Yrs,"Mining
Computer science
Object oriented design
Computer vision
data science
Consulting
Machine learning
Engineering Manager"
Lead - Data Science & Engineering/Senior Lead ,Bajaj Finserv,Pune,4-7 Yrs,"Computer science
deep learning
Statistical analysis
SAS
data science
Lead
SPSS
MATLAB"
Python Developer - ADF Data Science - Chennai,ADF Data Science Private Limited,Chennai,2-7 Yrs,"Data Science
Python"
Senior Director - Data Science - Machine & Deep Learning,Vipany Management Consulting,"Visakhapatnam, Vishakhapatnam",8-13 Yrs,"IT Skills
Python
Testing
Data Science
Machine Learning
Tableau
Data Science
Predictive Modeling"
Data Science Professionals-Bangalore/Hyderabad/Mumbai/Gurgaon,Anlage Infotech (I) Pvt. Ltd.,"Delhi NCR, Mumbai, Bengaluru, Hyderabad",1-5 Yrs,"Data Science
NLP
Natural Language Processing
Hadoop
Data Mining
Sentiment Analysis
Python
SQL"
Data Science Professionals,Anlage Infotech (I) Pvt. Ltd.,"Mumbai, Bengaluru, Hyderabad",1-5 Yrs,"Data Science
SAS
Coding
Hadoop
SQL Queries
Spark
Python
SQL"
Data Science,Capgemini,Mumbai,4-6 Yrs,"deep learning
data science
SAS
spark
Analytical
Manager Technology
Deployment
SPSS"
Data Science Requirements,Teamware Solutions,Bengaluru,4-9 Yrs,"IT Skills
Python
Machine Learning
Big Data
Computer science
Text mining
PDF
Web analytics"
Senior Data Scientist - MINT Sciences,Walmart Labs,Bengaluru,2-7 Yrs,"Unix
Data analysis
Linux
data science
Resource allocation
Machine learning
Open source
Testing"
Director of Data Science,TASKUS INDIA PRIVATE LIMITED ,Indore,14-18 Yrs,"business insights
Analytics"
"Manager, Data Science",AERA SOFTWARE TECHNOLOGY PVT LTD,Pune,10-13 Yrs,"Random Forest
Time Series
Python
IT Skills
Python
Data Science
Cloud
AWS"
Director Data Science,ExecBoardinAsia,Bengaluru,11-15 Yrs,"advanced analytics
Automation
Prototype
data science
Analytical
Deployment
Data quality
Data analytics"
Data science SSE - Omega Healthcare | Bangalore.,Omega Healthcare Management Services Pvt. Ltd.,Bengaluru,5-9 Yrs,"Data Science
Management Services
Healthcare Management"
Data Science Beginners,Analytics Vidhya Educon Pvt. Ltd,Bengaluru,12-15 Yrs,"Logistic regression
PMP
data science
Bloomberg
Machine learning
data visualization
Risk management
Analytics"
Deputy Manager-quant Developer- Quant+ Data Science (5-10 Years),Crescendo global services,"Mumbai, Bengaluru",5-10 Yrs,"Data Science
Financial Analysis
Classification
Neural Networks
Quantitative Finance
Fixed Income
Investment Management
Python"
Country Manager - Data Science,Gladwin Analytics,"Mumbai, Bengaluru",8-13 Yrs,"Product launch
Computer science
SAP
data science
Diagnostics
Coding
Analytical
Machine learning"
Senior Manager - Data Science,Gladwin Analytics,"Mumbai, Bengaluru",11-16 Yrs,"Product launch
Computer science
SAP
data science
Diagnostics
Coding
Analytical
Machine learning"
"Senior Manager, Data Science",ExecBoardinAsia,Bengaluru,5-10 Yrs,"Operations research
Business consulting
Primary research
data science
Analytical
Demand forecasting
Machine learning
Product design"
"Manager, Data Science",ExecBoardinAsia,Bengaluru,11-15 Yrs,"deep learning
Statistical analysis
data science
Machine learning
Cloud
Cosmos
big data
Analytics"
Sr. Software Engineer-Data Science / Engineering,Ivanti,Bengaluru,5-8 Yrs,"IT Skills
Python
Computer science
data science
Analytical
Machine learning
Cloud
Agile"
VP / Sr. VP Data Science,Lendingkart Technologies Pvt. Ltd.,Bengaluru,14-20 Yrs,"Data Science
Business Intelligence
R
Big Data
Tableau
Machine Learning
Statistics
Analytics"
Assistant Manager Data Science,UpGrad,"Mumbai, Bengaluru",3-5 Yrs,"NLP
Python
SQL
Machine Learning"
Data Science Engineer,INTELLIPREDIKT TECHNOLOGIES PRIVATE LIMITED,Bengaluru,1-5 Yrs,"Printing
data science
Machine learning
Data analytics
data visualization"
Data Science Engineer,Bloom Consulting Services,Bengaluru,2-5 Yrs,"Statistical programming
data science
Machine learning
SCALA
Open source
Data mining
Ruby
MATLAB"
Data Science Engineer,Varite,Bengaluru,3-8 Yrs,"IT Skills
Python
Testing
Data Science
Oracle
MS SQL
Tableau
Power BI"
Data Science,AdmyBrand,Bengaluru,1-5 Yrs,"Printing
data science
Machine learning
Data collection
Radio
Data mining
Advertising
Analytics"
Data Science Consultant,Hewlett Packard Enterprise,Bengaluru,4-12 Yrs,"Computer science
Business process
Career development
Machine learning
Informatica
SPSS
QlikView
Unix shell scripting"
Assistant Manager - Data Science,Gladwin Analytics,"Mumbai, Bengaluru",4-9 Yrs,"Logistic regression
Statistical analysis
data science
SAS
Analytical
Machine learning
FMCG
Business intelligence"
Team Lead -data Science| Omega Healthcare | Bangalore| Video Interview,Omega Healthcare Management Services Pvt. Ltd.,Bengaluru(Wind Tunnel Road),7-12 Yrs,"IT Skills
Python
Data Science
Machine Learning
Cloud
AWS
Azure
Data Science"
Data Science Technical Lead,ExecBoardinAsia,Bengaluru,11-15 Yrs,"Front end
data science
Machine learning
Technical Lead
data visualization
Python"
Team Lead / Consultant-Data Science,Accenture Solutions Pvt Ltd,Bengaluru,7-11 Yrs,"IT Skills
Data Science
Machine Learning
Artificial Intelligence
Big Data
Automation
Big Data Analytics
Artificial Intelligence"
Data Science,AdmyBrand,Bengaluru,1-5 Yrs,"Printing
data science
Machine learning
Data collection
Radio
Data mining
Advertising
Analytics"
Data Science Consultant,Hewlett Packard Enterprise,Bengaluru,4-12 Yrs,"Computer science
Business process
Career development
Machine learning
Informatica
SPSS
QlikView
Unix shell scripting"
Team Lead -data Science| Omega Healthcare | Bangalore| Video Interview,Omega Healthcare Management Services Pvt. Ltd.,Bengaluru(Wind Tunnel Road),7-12 Yrs,"IT Skills
Python
Data Science
Machine Learning
Cloud
AWS
Azure
Data Science"
Data Science Technical Lead,ExecBoardinAsia,Bengaluru,11-15 Yrs,"Front end
data science
Machine learning
Technical Lead
data visualization
Python"
Team Lead / Consultant-Data Science,Accenture Solutions Pvt Ltd,Bengaluru,7-11 Yrs,"IT Skills
Data Science
Machine Learning
Artificial Intelligence
Big Data
Automation
Big Data Analytics
Artificial Intelligence"
Team Lead/Consultant-Data Science,Accenture Solutions Pvt Ltd,Bengaluru,7-11 Yrs,"IT Skills
Data Science
Machine Learning
Big Data
Publishing
Statistical analysis
Architecture
data science"
Team Lead/Consultant-Data Science,Accenture Solutions Pvt Ltd,Bengaluru,7-11 Yrs,"IT Skills
Data Science
Machine Learning
Artificial Intelligence
Big Data
Automation
Publishing
Data management"
Team Lead/Consultant-Data Science,Accenture Solutions Pvt Ltd,Bengaluru,7-11 Yrs,"IT Skills
Data Science
Machine Learning
Big Data
Tableau
Publishing
Architecture
data science"
Team Lead/Consultant - Data Science,Accenture Solutions Pvt Ltd,Bengaluru,7-11 Yrs,"IT Skills
Data Science
Machine Learning
Project Management
BPO
project management
Data Science
Publishing"
Principal Consultant  -  Data Science,D Cube Analytics,Bengaluru,10-12 Yrs,"Computer science
deep learning
C++
data science
Neural networks
Analytical
Machine learning
Data analytics"
Data Science (ETO - Engineering),Global Talent Pool,"Mumbai, Bengaluru",3-5 Yrs,"Computer science
data science
Analytical
Programming
Data structures
Mathematics
Statistics
Python"
Associate Data Science Consultant,AXA Business Services Pvt Ltd,Bengaluru,3-5 Yrs,"Text mining
PDF
data science
Network analysis
Machine learning
Mining operations
Data mining
Operations"
Data Science Engineer,AXA Business Services Pvt Ltd,Bengaluru,3-5 Yrs,"Hadoop Administration
GIT
Linux
data science
Coding
Machine learning
Monitoring
Python"
Data Science,The Silicon Partners,"Pune, Hyderabad",2-7 Yrs,"Computer science
Analytical skills
SAS
Staffing
RDBMS
Analytical
Machine learning
Data analytics"
Data Sciences - Partner,TheMathcompany,Bengaluru,6-10 Yrs,"Sales
SAS
Machine learning
HTTP
SPSS
Management
Analytics
Python"
Data Sciences - Associate,TheMathcompany,Bengaluru,2-5 Yrs,"SAS
Machine learning
Packaging
HTTP
SPSS
Analytics
Python"
Data Science Lead,DUNZO DIGITAL,Bengaluru,6-12 Yrs,"Product management
Cloud computing
Backend
SAS
Neural networks
Perl
Sanitary
Python"
Data Science - Principal Software Engineer,ExecBoardinAsia,Bengaluru,11-15 Yrs,"Networking
data science
Machine learning
Application security
Research
Principal"
Data Science Manager,RGF Professional Recruitment India,Bengaluru,12-16 Yrs,"Cloud computing
Business objects
MS SQL
jQuery
data science
Project management
Consulting
Agile"
Data Science Lead,D Cube Analytics,Bengaluru,10-12 Yrs,"Computer science
deep learning
C++
data science
Neural networks
Analytical
Machine learning
Data analytics"
Data Science Manager,RGF Professional Recruitment India,Bengaluru,12-16 Yrs,"Cloud computing
Business objects
MS SQL
jQuery
data science
Project management
Consulting
Agile"
Data Science Lead,D Cube Analytics,Bengaluru,10-12 Yrs,"Computer science
deep learning
C++
data science
Neural networks
Analytical
Machine learning
Data analytics"
Data Science Quality Asssessment Engineer,Eagleview ,Bengaluru,3-6 Yrs,"Computer vision
Web technologies
data science
Machine learning
Open source"
Head of Data Science,GO-JEK,Bengaluru,8-12 Yrs,"Computer science
data science
Strategic partnerships
Analytical
Formulation
Machine learning
Business case
Logistics"
Sr Manager - III-Data Science,Citius IT Solutions Pvt Ltd,"Mumbai, Bengaluru",7-10 Yrs,"advanced analytics
data science
Customer satisfaction
Technical leadership
Manager Technology
Research
US healthcare
Investment"
"Manager, Business Analytics and Data Sciences",ExecBoardinAsia,Bengaluru,5-10 Yrs,"Mining
Business transformation
Data modeling
Customer satisfaction
Business analytics
Predictive modeling
Data analytics
Customer experience"
Team Lead/Consultant-Data Science,Accenture Solutions Pvt Ltd,Mumbai,7-11 Yrs,"IT Skills
Python
Data Science
Machine Learning
Publishing
Architecture
data science
management"
Senior Data Science & Analytics Platform Engineer,GSK and Company,Bengaluru,3-7 Yrs,"Procurement
Coding
Pharma
Analytical
Healthcare
Technical architecture
Engineering Design
Analytics"
Analytics & Data Science,KPRO SOLUTIONS,Bengaluru,9-14 Yrs,"Publishing
Web technologies
SAS
data science
SPSS
Web content
Analytics
SQL"
Data Sciences - Senior Associate,TheMathcompany,Bengaluru,3-6 Yrs,"Manager Technology
Packaging
Analytics"
"Data Science, Ai,r,python,testing Automation,iot Part time Faculty",Clinnovo Research Labs Private Limited.,Hyderabad,3-8 Yrs,"IT Skills
Python
Testing
Data Science
Data Science
Datascience
R
Algorithms"
Hiring For BIG 4 - Data Science,WSNE Consulting Pvt Ltd,Gurgaon,2-6 Yrs,"IT Skills
Java
Python
Software Development
Machine Learning
Data Science
Quantitative Analysis
Java"
Data Science Product Manager - Artificial Intelligence,Catalyst,Bengaluru,4-9 Yrs,"IT Skills
Python
Data Science
Machine Learning
Artificial Intelligence
Big Data
Data Science
Tensorflow"
Machine Learning Engineer - Data Modeling/Data Science,Okda Solutions,Pune,4-6 Yrs,"IT Skills
Java
Python
Data Science
Machine Learning
Data Science
Java
R"
Junior-Mid-Senior Data science,POPxo,"Delhi, Mumbai",1-3 Yrs,"Statistical analysis
data science
Machine learning
Data collection
Programming
Data mining
MATLAB
SQL"
Assistant Manager - Data Science,Vreedhi Financial Services,"Hyderabad, telangana",2-4 Yrs,"data science
Bfsi
Machine learning
MySQL
Data collection
Programming
Data quality
QlikView"
Data Science Course Mentor,Springboard,Remote,1-4 Yrs,"SAN
Health insurance
data science
Consulting
Programming
Mentor
Budgeting
Statistics"
Data Science Lead Engineer,SYSTEM SOFT TECHNOLOGIES INDIA PRIVATE LIMITED ,Hyderabad,5-10 Yrs,"IT Skills
Java
Python
Testing
Data Science
Machine Learning
Big Data
Java"
Data Science Manager,CareerXperts Consulting,Hyderabad,9-14 Yrs,"deep learning
Team management
data science
Consulting
Machine learning
Programming
Natural language processing
Econometrics"
Senior Software Engineer - Data Science,TNS holdings,Hyderabad,7-10 Yrs,"Computer science
Career development
Script writing
Machine learning
Agile
MongoDB
Natural language processing
Medical insurance"
Manager - Data Science,Meritus Intelytics Private Limited,Hyderabad,3-5 Yrs,"Computer science
advanced analytics
data science
Neural networks
Analytical
Machine learning
Algorithm development
Research"
Data Science - Python - SQL,Diverse Lynx,Hyderabad,2-6 Yrs,"IT Skills
Python
Data Science
Machine Learning
Big Data
Computer science
Machine learning
Network security"
Senior Analyst-Data Science,Accenture Solutions Pvt Ltd,Mumbai,5-8 Yrs,"IT Skills
Data Science
Machine Learning
Project Management
BPO
project management
Analyst
Publishing"
Senior Analyst-Data Science,Accenture Solutions Pvt Ltd,Mumbai,5-8 Yrs,"IT Skills
Data Science
Machine Learning
Analyst
Publishing
Statistical analysis
Architecture
data science"
Analyst-Data Science,Accenture Solutions Pvt Ltd,Mumbai,3-5 Yrs,"IT Skills
Data Science
Machine Learning
Analyst
Publishing
Statistical analysis
Architecture
data science"
Data Science,Web Synergies (India) Pvt. Ltd,Hyderabad,2-7 Yrs,"algorithms
development
SAS
analytical
mobile
Business intelligence
Data mining
microsoft"
Data Science Python / R Lead,Larsen & Toubro Infotech Limited,india,6-10 Yrs,"IT Skills
Python
Power BI
data science
Analytical
Debugging
Defect prevention
Agile"
Analyst-Data Science,Accenture Solutions Pvt Ltd,Mumbai,3-5 Yrs,"IT Skills
Python
Data Science
Analyst
Publishing
Architecture
data science
Consulting"
Senior Analyst-Data Science,Accenture Solutions Pvt Ltd,Mumbai,5-8 Yrs,"IT Skills
Python
Data Science
Analyst
Publishing
Architecture
data science
Consulting"
Senior Analyst ? Data Science and Artificial Intelligence,Samatrix Consulting Private Limited,Gurgaon,6-11 Yrs,"advanced analytics
deep learning
Analyst
neo4j
SAS
Artificial Intelligence
Predictive modeling
big data"
Manager - Data Science - Deep Learning - BFSI,Change Leaders,Bengaluru,6-11 Yrs,"Data Science
Logistic regression
NLP
Factor Analysis
CHAID
OLS
Cluster
Data Analytics"
Associate Director - Data Science & AI Engineering,ExecBoardinAsia,Pune,5-10 Yrs,"deep learning
NoSQL
Simulation
data science
RDBMS
Machine learning
Predictive modeling
Associate Director"
Data Science - Lead,Yash Technologies Pvt ltd,Pune,7-12 Yrs,"IT Skills
Java
Python
Cloud
Big Data
Tableau
Power BI
Azure"
Associate Architect - Data Science,ExecBoardinAsia,Pune,5-10 Yrs,"Cloud computing
data science
Analytical
Infrastructure
Database
Mentor
Associate Architect
text analytics"
"Manager , Data Science",Aera Technology,Pune,5-10 Yrs,"IT Skills
Python
Data Science
Machine Learning
Cloud
AWS
Supply chain
Computer science"
Data Science engineer,Bajaj Finance Limited,Pune,7-10 Yrs,Data Science
Data Science Developer,AJIRA AI,Pune,2-5 Yrs,"Logistic regression
PDF
Coding
Artificial Intelligence
Debugging
linear regression
data visualization
Licensing"
Openings For Career Counsellor For Education sector - Data Science,Aspire Consultancy Services  ,"Navi Mumbai, Thane",1-6 Yrs,"Data Science
Bde
Sales
Outbound Sales
Telesales
Telecalling
Cold Calling
Inside Sales"
Data Science Lead,ExecBoardinAsia,Noida,5-10 Yrs,"Statistical modeling
data science
Neural networks
Machine learning
Consulting
E-commerce
Mentor
Research"
Data Science Expert,UpGrad,Mumbai,2-5 Yrs,"Data scientist
data analytics certification
data science certification
Logistic Regression
Artificial Intelligence
machine learning certification
Digital Marketing
Machine Learning"
Senior Analyst-Data Science,Accenture Solutions Pvt Ltd,Bengaluru,5-8 Yrs,"IT Skills
Data Science
Machine Learning
Publishing
Statistical analysis
Architecture
data science
Senior Analyst"
Data Science Evangelist,Analytics Vidhya Educon Pvt. Ltd,Gurgaon,2-5 Yrs,"Usage
data science
Machine learning
SAS R
Author
Predictive modeling
MATLAB
Analytics"
Data Science Analytics,Diverse Infotech Pvt. Ltd.,Gurgaon,2-7 Yrs,"data science
Analytics"
Data Science Trainer,Emerging India Group,"Delhi, Noida",2-3 Yrs,"IT Skills
Java
Python
Data Science
Machine Learning
Big Data
Tableau
Computer science"
Chief Data Science officer ,Red Lotus,Mumbai,15-18 Yrs,"Computer science
data science
Master data management
Business analytics
Analytical
Project management
Machine learning
data governance"
Transformation and Data Science Specialist,MSCI Inc.,"Mumbai, Mumbai",6-11 Yrs,"Data Science
Transformation
Python"
Chief Data Science officer,RedLotus,Mumbai,15-18 Yrs,"Computer science
French
data science
Master data management
Business analytics
Analytical
Project management
Machine learning"
Sr . Consultant - Data Engineering & Data Science,Acrotrend,Remote,6-8 Yrs,"IT Skills
Java
Python
Software Development
Tableau
Salesforce
Azure
remote"
Senior Manager - Data Science - Sales & Marketing Analytics,Gladwin Analytics,Mumbai,10-15 Yrs,"Computer science
Operations research
Sales
data science
Coding
Analytical
Machine learning
Agile"
Senior Manager - Data Science,Gladwin Analytics,Mumbai,5-10 Yrs,"Computer science
Electrical engineering
Analytical skills
Statistical modeling
data science
Time series analysis
Machine learning
Analytics Executive"
Team Lead/Consultant-Data Science,Accenture Solutions Pvt Ltd,Mumbai,7-11 Yrs,"IT Skills
Data Science
Machine Learning
Artificial Intelligence
Project Management
BPO
project management
Publishing"
Team Lead/Consultant-Data Science,Accenture Solutions Pvt Ltd,Mumbai,7-11 Yrs,"IT Skills
Data Science
Machine Learning
Big Data
Publishing
Statistical analysis
Architecture
data science"
Data Science Engineer,Mystro,Mumbai,2-4 Yrs,"deep learning
data science
Machine learning
Manager Technology
Data processing
Python"
"Associate Manager  - Data Science, Technology",RateGain Travel technologies Pvt. Ltd.,Noida,5-8 Yrs,"NLP
Deep Learning
Python
IT Skills
Python
Data Science
Cloud
Product Management"
"Data Science Lead Python, AI/ML",MNF MyNextFilm,Delhi,6-9 Yrs,"Computer science
deep learning
Operations research
Process orientation
data science
Analytical
Machine learning
Hypothesis Testing"
Software Engineer - Data Science,Indix,Chennai,2-5 Yrs,"Computer science
Data modeling
Analytical
Machine learning
Programming
Information retrieval
data visualization
Data mining"
Director of Data Science,WRS Info India Pvt. Ltd.,"Lucknow, Noida",5-10 Yrs,"Loans
Email
data science
SAS
Analytical
Director
Tools
Business intelligence"
Data Science Developer,Iphygenia Solution,Lucknow,1-5 Yrs,data science
Data Science Expert,Tech Pathway,Jaipur,5-10 Yrs,"IT Skills
Java
Software Development
Data Science
Machine Learning
HTML
CSS
Javascript"
Python and DAta SCIENCE Developer,A2IT,Mohali,1-3 Yrs,"Web technologies
data science
Coding
Cloud
Python"
Software Engineer - Data Science,Indix,Chennai,2-5 Yrs,"Computer science
Data modeling
Analytical
Machine learning
Programming
Information retrieval
data visualization
Data mining"
Director of Data Science,WRS Info India Pvt. Ltd.,"Lucknow, Noida",5-10 Yrs,"Loans
Email
data science
SAS
Analytical
Director
Tools
Business intelligence"
Data Science Developer,Iphygenia Solution,Lucknow,1-5 Yrs,data science
Data Science Expert,Tech Pathway,Jaipur,5-10 Yrs,"IT Skills
Java
Software Development
Data Science
Machine Learning
HTML
CSS
Javascript"
Python and DAta SCIENCE Developer,A2IT,Mohali,1-3 Yrs,"Web technologies
data science
Coding
Cloud
Python"
Data Science and Analytics,V V College of Engineering,Tirunelveli,1-5 Yrs,"RF
data science
Networking
Wireless networking
Analytics"
Data Science Associate,Advisable,Remote,1-5 Yrs,"remote
Customer acquisition
SAP
data science
Project management
Network analysis
Consultancy
Management"
Team Lead/Consultant-Data Science,Accenture Solutions Pvt Ltd,Mumbai,7-11 Yrs,"IT Skills
Python
Data Science
customer analytics
Publishing
Statistical analysis
Architecture
data science"
Data Science Engineer,Quantta Analytics Pvt Ltd.,Kolkata,5-8 Yrs,"Data Science Engineer
data science"
Data Science Interns,SiCureMi Healthcare Technologies,Delhi,3-4 Yrs,"data science
Intern
Internship
Project execution"
Trainer For Data Science,Reachmentor,Hosur,2-5 Yrs,"tableau
Team management
data science
Analytical
MySQL
User experience design
Python"
Principal Engineer - Data Science,Rebel Foods,Mumbai,3-7 Yrs,"data science
Principal"
Trainer Data Science,Indian Institute of Digital Education,Mumbai,2-5 Yrs,"Training
GIT
data science
Coding
Public speaking
AWS
Supervision
Python"
Data Science & Analytics,RailYatri.in,Noida,1-5 Yrs,"Product management
Training
Business development operations
Ticketing
data science
Manager Technology
Predictive modeling
Marketing communication"
FULL STACK DATA SCIENCE ARCHITECT,Aitouch,Gurgaon,4-9 Yrs,"Computer vision
NoSQL
cassandra
Artificial Intelligence
Machine learning
Intellectual property
SCALA
Agile"
SVP - Data Science,Dream11 Inc,Mumbai,5-15 Yrs,"Computer vision
nginx
cassandra
MySQL
Machine learning
MongoDB
Open source
RPM"
Data Scientist - Data Science Team - Insurance Domain,Huquo Consulting Pvt. Ltd,Gurgaon Gurugram,8-13 Yrs,"Data Science
Data Scientist
Artificial Intelligence
Data Management
Data Modeling
Data Analytics
Machine Learning
Statistics"
Senior Data Scientist - Advanced Analytics/data Science,Fidelity IT Jobs,Gurgaon,7-12 Yrs,"Data Science
Data Scientist
Data Management
Web Analytics
Data Modeling
Data Analytics
Statistics
Machine Learning"
Associate Director - Data Science,AVE-Promagne ,Chennai,8-13 Yrs,"analytics
data science
Data Analytics
machine learning
artificial intelligence"
Data Science Analyst,PEOPLESTRONG TECHNOLOGIES PRIVATE LIMITED ,Hyderabad,4-7 Yrs,Data Science
Data Science Analyst,PEOPLESTRONG TECHNOLOGIES PRIVATE LIMITED ,Hyderabad,4-7 Yrs,Data Science
Data Science Manager,Bigshyft Hiring for Upgrad,Mumbai,3-6 Yrs,"Machine Learning ML
Natural Language Processing NLP
Python
SQL"
Data Scientist-  Bio-Technology/Life Science Projects/chemometrics,Biosense Technologies Pvt Ltd,Thane,3-5 Yrs,"Multivariate Analysis
Spectroscopy
Time Series Analysis
Statistical Modeling
Raman
Data Modeling
Principal Component Analysis
Python"
Associate Manager - Internal Audit - Data Science/big Data/rpa,Serving Skill,Bengaluru,8-10 Yrs,"IT Skills
Python
Data Science
Big Data
Tableau
Power BI
SAP
RPA"
Data Engineer/data Science Consultant,Career Infosystem,Bengaluru,4-9 Yrs,"IT Skills
Python
Data Science
Machine Learning
Cloud
Tableau
Power BI
Azure"
Senior Consultant Data Science + MLOps,Truetech Solutions Private Limited,"Delhi, Mumbai, Bengaluru",6-10 Yrs,"IT Skills
Python
Data Science
Cloud
DevOps
Big Data
AWS
Azure"
Data Science Product Manager,Talent Connect,"Bengaluru, KA",4-9 Yrs,"IT Skills
Python
Data Science
Machine Learning
Artificial Intelligence
Big Data
Machine Learning
Deep Learning and Artificial Intelligence"
Lead - Data Science - KPO,NovoTree Minds Consulting Pvt. Ltd.,Bengaluru,4-8 Yrs,"Data Science
Predictive Modeling
Artificial Intelligence
Data Management
Statistical Modeling
Machine Learning
Analytics
SQL"
Data Engineer/ Data Science Consultant - Business Intelligence Tools,Career Infosystem,Bengaluru,4-9 Yrs,"IT Skills
Python
Data Science
Machine Learning
Cloud
Tableau
Power BI
Azure"
Global Head - Advanced Analytics/Data Science/Data Engineering - FMCG,Rinalytics Advisors,"Mumbai, Bengaluru",15-20 Yrs,"Data Science
AWS analytics
Artificial Intelligence
Data Architect
Data Management
Big Data
big data technologies
Data Visualization"
Consultant - Data Science - KPO,NovoTree Minds Consulting Pvt. Ltd.,Bengaluru,4-7 Yrs,"Data Science
Clustering
SAS
Linear Regression
Time Series Forecasting
Data Analytics
Logistic Regression
Statistics"
Consultant - Data Science - KPO,NovoTree Minds Consulting Pvt. Ltd.,Bengaluru,4-7 Yrs,"Data Science
SAS
Consulting - Telecom
Data Analytics
Statistics
Analytics
SQL
Consulting - Retail"
Associate Director - Data Science,ExecBoardinAsia,Bengaluru,11-15 Yrs,"advanced analytics
Data management
data science
big data analytics
Machine learning
Competency development
HR policies
E-commerce"
Assistant Professor (Grade II) - Data Science (Level-10),Indian Institute of Science Education and Research,Pune,,
Head Data Science,Waterleaf Consultants Pvt. Ltd. ,"Delhi NCR, Hyderabad",10-18 Yrs,"Data Science
Statistical Modeling
Machine Learning
IT Skills
Python
Data Science
Big Data
AWS"
Data Science Engineer - Python/rdbms,Okda Solutions,Hyderabad,5-10 Yrs,"IT Skills
Python
Software Development
HTML
CSS
Javascript
Data Science
Visualization"
Data Science Intern,CourseBricks,Trichy,0-1 Yrs,"Data Science
Natural Language Processing
Computer Vision
Machine Learning
Deep Learning
Python"
Hexnbit Trainer - Data Science,Tevatron Technologies Pvt. Ltd.,Delhi NCR,0-2 Yrs,"electronics
embedded systems
Software Programmer
Sensors
Internet of Things
MCU"
Looking For data science 0-1  internship/ experience,BRAINS N SKILLS  ,Bengaluru,0-1 Yrs,"IT Skills
Python
Machine Learning
data science
machine learning algorithms
data wrangling"
Excellent opportunity For AI (Data Science Focus),T2 Innovations    ,Chennai,3-8 Yrs,"Data Science
Java
Algorithm Development
NLP
Artificial Intelligence
Image Processing
Natural Language Processing
AI"
Excellent opportunity For AI (Data Science Focus),T2 Innovations    ,Chennai,3-8 Yrs,"Data Science
Java
Algorithm Development
NLP
Artificial Intelligence
Image Processing
Natural Language Processing
AI"
Data Science Engineer,Bigshyft Hiring for biz2credit,Noida,2-5 Yrs,"MySQL
Natural Language Processing NLP
Machine Learning ML
Python"
Lead Data Science,Bigshyft Hiring for Worley,Mumbai,10-14 Yrs,"R
Artificial Intelligence AI
Machine Learning ML
Deep Learning
Python"
Senior Associate Director - Data Science - Insurance - IIT/IIM/NIT,Huquo Consulting Pvt. Ltd,Gurgaon Gurugram,9-14 Yrs,"IT Skills
Python
Data Science
Machine Learning
Project Management
BPO
project management
Data Science"
Sr Vice President- Analytics- Data Science Team- Insurance,Huquo Consulting Pvt. Ltd,Gurgaon,8-13 Yrs,"IT Skills
Python
Data Science
Machine Learning
Project Management
BPO
project management
Data Science"
Sr Associate Director - Data Science - Insurance - IIT/ IIM/ NIT/ XLRI,Huquo Consulting Pvt. Ltd,Gurgaon,7-12 Yrs,"IT Skills
Python
Data Science
Machine Learning
Project Management
BPO
project management
Data Science"
NLP Engineer - Data Science/Python,imdNEXT Consulting Services,Mumbai,1-2 Yrs,"IT Skills
Python
Data Science
Machine Learning
Data Science
NLP
Statistical Modeling
Statistical Analyst"
Global Head - Advanced Analytics/Data Science/Data Engineering ,Rinalytics Advisors,Mumbai,15-20 Yrs,"Data Science
Artificial Intelligence
Data Architect
Data Management
Big Data
Data Visualization
Data Analytics
Analytics"
Global Head - Advanced Analytics/Data Science/Data Engineering ,Rinalytics Advisors,Mumbai,15-20 Yrs,"Data Science
Artificial Intelligence
Data Architect
Data Management
Big Data
Data Visualization
Data Analytics
Analytics"
Global Head - Advanced Analytics/Data Science,Rinalytics Advisors,Mumbai,15-20 Yrs,"Data Science
Artificial Intelligence
Data Architect
Data Management
Big Data
Data Visualization
Data Analytics
Analytics"
Team Lead/Consultant-Data Science,Accenture Solutions Pvt Ltd,Mumbai,7-11 Yrs,"IT Skills
Data Science
Machine Learning
Artificial Intelligence
Project Management
BPO
project management
Publishing"
Data Science Engineer,NetApp,Bengaluru,5-10 Yrs,"Text mining
NoSQL
Coding
cassandra
Time series analysis
Machine learning
application architecture
High level design"
Professor - Data Sciences,Indian Institute of Science Education and Research Kolkata,Kolkata,,
Data Science Trainer,Naresh i Technologies,Hyderabad,5-10 Yrs,"Robot Programming
Artificial Intelligence
Natural Language Processing
Neural Networks
Machine Learning
Statistics
Deep Learning
Python"
Urgently Looking For Data Science Trainer | Noida,Careerera,Noida,3-8 Yrs,"IT Skills
Java
Python
Data Science
Machine Learning
Data Science
Corporate Trainer
Trainer"
Data Science Trainer | Noida |,Careerera,Noida,4-8 Yrs,"IT Skills
Java
Python
Data Science
Machine Learning
Data Science
Corporate Trainer
Trainer"
Inside Sales Executive | Education Sales | PMP| Data Science | AI,Careerera,Noida,1-3 Yrs,"IT Skills
Data Science
inside sales
pmp
Credit Collection
Recovery
cissp
itil"
Data Science Architect,"	Morgan Stanley Advantage Services",Bengaluru,10-15 Yrs,"Data management
Simulation
RDBMS
XML
OLAP
JSON
Informatica
Investment banking"
Data Science Optimization,TATA INDUSTRIES LIMITED-TATA INSIGHTS AND QUANTS DIVISON,"Jamshedpur, Mumbai, Bengaluru",3-6 Yrs,"Simulation
Aviation
Formulation
Scheduling
HTML
HTTP
Information management
Information technology"
"Senior Manager, Data Science",ExecBoardinAsia,Bengaluru,5-10 Yrs,"Operations research
Business consulting
Primary research
data science
Analytical
Demand forecasting
Machine learning
Product design"
Associate - Data Science,Aidetic Software,Bengaluru,1-3 Yrs,"IT Skills
Python
Software Development
Data Science
Machine Learning
Data Science
Tensorflow
Pandas"
Data Science Optimization,TATA INDUSTRIES LIMITED-TATA INSIGHTS AND QUANTS DIVISON,"Jamshedpur, Mumbai, Bengaluru",3-6 Yrs,"Simulation
Aviation
Formulation
Scheduling
HTML
HTTP
Information management
Information technology"
Assistant Professor - Including Data Science,Indraprastha Institute of Information Technology Delhi,Delhi,,
Data Science Online Trainer,Prognoz,Bihar,1-6 Yrs,Data Science Online Trainer
Assistant Professor (Grade II) - Data Science,Indian Institute of Science Education and Research,Pune,,
Assistant Professor (Grade I) - Data Science,Indian Institute of Science Education and Research,Pune,,
Associate Professor - Data Science,Indian Institute of Science Education and Research,Pune,,
Professor - Data Science,Indian Institute of Science Education and Research,Pune,,
Assistant Professor (Contract) - Data Sciences & Business Analytics,Indian Institute of Technology Kanpur,Kanpur,,
Associate Professor - Data Analytics and Data Sciences (RA-1),Indian Institute of Technology Delhi,Delhi,,
Professor - Data Analytics and Data Sciences (RA-1),Indian Institute of Technology Delhi,Delhi,,
Associate Professor - Data Sciences,Indian Institute of Science Education and Research Kolkata,Kolkata,,
Assistant Professor (Grade I) - Data Analytics And Data Sciences,Indian Institute of Technology Delhi,Delhi,,
Assistant Professor (Contract)-01 year - Data Science and Engineering,"Indian Institute of Information Technology, Design and Manufacturing Jabalpur",Jabalpur,,
Assistant Professor (On Contract) - Data Science and Engineering,"Indian Institute of Information Technology, Design and Manufacturing Jabalpur",Jabalpur,,
Associate Data Scientist (Academic Expert),GREAT LAKES E-LEARNING SERVICES PRIVATE LIMITED,"Delhi NCR, Bengaluru",0-4 Yrs,"Data Science
Pattern Recognition
Business Analytics
Artificial Intelligence
Data Interpretation
Advanced Analytics
Data Analysis
Aiml"
Post Doctoral Fellows - Data Science & Big Data,Indian Institute of Technology Delhi,Delhi,,
Assistant Professor Grade-I - Data Sciences,Indian Institute of Science Education and Research Kolkata,Kolkata,,
Data Science Specialist / Senior Specialist,MAVEN WAVE PARTNERS (INDIA)PVT. LTD.,"Chandigarh, Gurgaon",3-6 Yrs,"IT Skills
Python
Testing
Data Science
Machine Learning
Cloud
AWS
Azure"
Data Science Manager-R&D,Flytxt,Trivandrum,5-10 Yrs,"Computer science
deep learning
spark
Artificial Intelligence
Intellectual property
Machine learning
Research
Open source"
Data Science Manager-R&D,Flytxt,Trivandrum,5-10 Yrs,"Computer science
deep learning
spark
Artificial Intelligence
Intellectual property
Machine learning
Research
Open source"
Director of Data Science,WRS Info India Pvt. Ltd.,Noida,5-10 Yrs,"technical
SAS
strategies
Defines
analytic
Matlab
SQL
Python"
Immediate opening For Data Scientist/Data Analyst,CAIA-Center For Artificial Intelligence & Advanced Analytics,"Chennai, Pune, Bengaluru, Hyderabad",0-3 Yrs,"Business Intelligence
Artificial Intelligence
Natural Language Processing
Neural Networks
Data Mining
Machine Learning
Deep Learning
SQL"
Data Analyst:  Fresher’s with Data Analyst Certification.,GDA Security pvt ltd,Bengaluru,0-0 Yrs,"Data Science
R
Excel
SAS
Data Analysis
Tableau
Statistics
Python"
Data Scientist - Image Processing/ Machine Learning,CarbyneTech India,Hyderabad,6-11 Yrs,"Predictive Modeling
Data Science
Data Scientist
Time Series Analysis
Image Processing
Data Management
Statistical Analyst
Machine Learning"
Data Sciences Engineer - Big Data,Talpro,"Delhi NCR, Bengaluru",2-5 Yrs,"IT Skills
Big Data
Data Sciences Engineer
DBA
Data Management
Big Data"
Data Architect/Engineering/Science,Visa,Bengaluru,9-14 Yrs,"IT Skills
Java
Machine Learning
Cloud
Big Data
Unix
Computer science
Core Java"
Junior Data Scientist/Junior Data Analyst,ADF Data Science Private Limited,Chennai,1-2 Yrs,"IT Skills
Python
Data Science
Machine Learning
Data Science
R
Computer Science
Data Analysis"
Principal Data Scientist - Machine/Deep Learning - NLP/Tensorflow,Fidius advisory,Bengaluru,8-13 Yrs,"IT Skills
Testing
Data Science
Machine Learning
Product Management
Tensorflow
NLP
PyTorch"
Data Science Engineer,Arsia Consulting  ,Chennai,3-5 Yrs,"IT Skills
Testing
Data Science
Machine Learning
Power BI
Azure
2"
Technical Program Manager - Data Science (nlp)/ MNC Bpo/mumbai,Advent HR Solutions,Mumbai,5-10 Yrs,"Data Science
Program Management
NLP
Machine Learning
Statistical Analysis
Deep Learning"
Only Fresher / Data Scientist / Data Analyst / Business Analytics- MNC,GABA Consultancy services ,"Delhi NCR, Ghaziabad, Gurgaon",0-0 Yrs,"O2C
fresher data analyst
Power Bi
Banking
Data Management
Tableau
Marketing Analytics
graduate fresher"
Only Fresher / Data Scientist / Data Analyst / Business Analytics- MNC,GABA Consultancy services ,"Faridabad, Delhi NCR, Greater Noida",0-0 Yrs,"O2C
fresher data analyst
Power Bi
Banking
Data Management
Tableau
Marketing Analytics
graduate fresher"
Data Scientist - Image Processing/Machine Learning,CarbyneTech India,Hyderabad,6-11 Yrs,"Predictive Modeling
Data Science
Data Scientist
Time Series Analysis
Image Processing
Data Management
Machine Learning
Predictive Analytics"
Senior Data Scientist,Infoblox,Bengaluru,4-9 Yrs,"IT Skills
Java
Python
Data Science
Machine Learning
Elastic Search
Big Data
AWS"
Sr . Data Scientist I,General Mills,Mumbai,12-17 Yrs,"Computer science
Data analysis
data science
Machine learning
PLSQL
Mathematics
Statistics
Operations"
Data Scientist Intern,zBliss Technologies,"Chennai, Bengaluru",0-2 Yrs,"Data analysis
Data management
data science
Intern
Coding
Project management
Machine learning
Healthcare"
Lead Data Scientist,Leading Data Science Firm,"Chennai, Mumbai, Bengaluru, Hyderabad",7-12 Yrs,"Data Science
R
Python
Team Management
Process Documentation
Algorithms
Artificial Intelligence
Scripting Languages"
Jr. Data Scientist,Wings Infonet Pvt. Ltd.,Hyderabad(Basheer Bagh),0-2 Yrs,"Data Science
Business Intelligence
Research Analysis
Business Insights"
"Sr. Data Scientist/Manager (6+ yrs in DS/ML, Service Industry Only)",AVE-Promagne,Remote,7-12 Yrs,"IT Skills
Python
Testing
Data Science
Machine Learning
Big Data
Data Science
Pyspark"
Data Scientist,"vLogix Technologies Pvt. Ltd.,","Chennai(Okkiyam Thuraipakkam), Bengaluru",5-7 Yrs,"IT Skills
Java
Python
Testing
AWS
Tableau
Power BI
Azure"
Business Analyst / Senior Business Analyst - Data Science,Latent view,Chennai,2-7 Yrs,"Text mining
Business Analyst
data science
Business analysis
Machine learning
QlikView
Data mining
Analytics"
Data Scientist,Paktolus solutions,Bengaluru,3-5 Yrs,"IT Skills
Python
Data Science
Machine Learning
Cloud
hive
python
data analysis"
Data and Business Analyst,AINE Info Tech Pvt Ltd,"Mumbai, Hyderabad, Kolkata",0-2 Yrs,"IT Skills
Python
Data Science
Oracle
MS SQL
Big Data
Tableau
Data Science"
AI Resident - Data Scientist – Statistical Consultant,Shell India Markets Private Limited,Bengaluru,3-5 Yrs,"Data Science
R
Algorithms
Artificial Intelligence
Advanced Analytics
Consultancy
Machine Learning
Statistics"
AI Resident - Data Scientist,Shell India Markets Private Limited,Bengaluru,3-5 Yrs,"Data Science
R
Artificial Intelligence
Advanced Analytics
Machine Learning
Deep Learning
Linear Algebra
Python"
Senior Data/business Intelligence Analyst - Artificial Intelligence,Intello Labs Private Limited,Gurgaon,3-5 Yrs,"IT Skills
Python
Testing
Data Science
Machine Learning
Artificial Intelligence
Tableau
Power BI"
Data Analyst / Business Analytics / Fresher Analyst - MNC Job - OSC,GABA Consultancy services ,"Lucknow, Chandigarh, Kolkata",0-0 Yrs,"Sales Analysis
Logistic Regression
Business Analytics
Banking
Big Data
Reporting
Statistics
Data Science"
Immediate hiring For Principal Data Scientist - Bangalore,RANDSTAD INDIA PVT LTD,Bengaluru,8-12 Yrs,"IT Skills
Python
Testing
Data Science
Machine Learning
Artificial Intelligence
Data Science
R"
Data Analyst,Kwalee,Bengaluru,1-3 Yrs,"Development management
Prototype
NoSQL
data science
Agile
Predictive modeling
MATLAB
Gaming"
Data Analyst,Kwalee,Bengaluru,1-4 Yrs,"NoSQL
data science
Agile
Predictive modeling
Marketing management
MATLAB
Gaming
Marketing strategy"
MIS Executive / Data Analyst / Research Analytics / WFM – MNC Jobs 5L,GABA Consultancy services ,"Delhi NCR, Ghaziabad, Gurgaon",0-5 Yrs,"fresher data analyst
Power Bi
Process Analysis
Operation manager
Banking
Tableau
Marketing Analytics
graduate fresher"
Product Manager - Data Scientist / Data Analyst,Fortune HR Consultant,Bengaluru,3-8 Yrs,"Java
Product Manager
SAS
Scala
Hadoop
Tableau
Data Framework
Data mining"
MIS Executive / Data Analyst / Research Analytics / WFM – MNC Jobs 5L,GABA Consultancy services ,"Delhi NCR, Greater Noida, Gurgaon",0-5 Yrs,"fresher data analyst
Power Bi
Process Analysis
Operation manager
Banking
Tableau
Marketing Analytics
graduate fresher"
Only Fresher / Data Scientist / Data Analyst / Business Analytics- MNC,GABA Consultancy services ,"Faridabad, Delhi NCR, Greater Noida",0-0 Yrs,"O2C
fresher data analyst
Power Bi
Banking
Data Management
Tableau
Marketing Analytics
graduate fresher"
Only Fresher / Data Scientist / Python/ Tableau/ Data Analyst -  MNC,GABA Consultancy services ,"Faridabad, Delhi NCR, Gurgaon",0-0 Yrs,"O2C
fresher data analyst
Power Bi
Banking
Data Management
Tableau
Marketing Analytics
graduate fresher"
Data Analyst,MKS Vision Pvt. Ltd. ,Hyderabad,4-9 Yrs,"Data Science
Python
SQL
IT Skills
Python
Data Science
Machine Learning
Tableau"
Editorialist YX - Data Scientist,Project YX,Gurgaon,3-6 Yrs,"deep learning
Data analysis
data science
spark
Machine learning
Hadoop
E-commerce
Statistics"
Editorialist YX - Data Scientist,Editorialist YX,Gurgaon,3-5 Yrs,"deep learning
Data analysis
data science
spark
Machine learning
Hadoop
E-commerce
Statistics"
Data Scientist,NatWest Group,Gurgaon Gurugram,2-7 Yrs,"IT Skills
Data Science
Cloud
Big Data
Data Science
Multivariate Analysis
Statistical Software
Customer Experience"
Data Scientist,Jubna,Noida,4-9 Yrs,"C++
Data analysis
data science
SAS
Project management
Agile
Perl
Business intelligence"
Data Scientist,NatWest Group,Gurgaon Gurugram,2-7 Yrs,"IT Skills
Data Science
Cloud
Big Data
Data Science
Multivariate Analysis
Statistical Software
Customer Experience"
Data Scientist - Machine Learning/APICS,CarbyneTech India,Hyderabad,3-8 Yrs,"Data Science
R
NLP
Artificial Intelligence
Data Management
Machine Learning
Python
Predictive Analytics"
Only Fresher / Data Scientist / Python/Tableau/ Data Analyst - MNC OSC,GABA Consultancy services ,"Lucknow, Chandigarh, Jaipur",0-0 Yrs,"O2C
fresher data analyst
Power Bi
Banking
Data Management
Tableau
Marketing Analytics
graduate fresher"
Data Analyst-Intern,SmartHelio,Delhi,0-1 Yrs,"Renewable energy
data science
Product service
Artificial Intelligence
Solar energy
Electronics
Data analytics
Research"
Data Analyst - Intern,Mindworksglobal,Delhi,0-1 Yrs,"CSS
Web technologies
data science
Intern
Database
HTML
Data Analyst
Internship"
Senior Data Scientist,GANIT BUSINESS SOLUTIONS PRIVATE LIMITED,"Chennai, Mumbai, Bengaluru, Hyderabad",4-6 Yrs,"Predictive Modeling
Logistic Regression
Segmentation
Data Mining
Text Mining
Machine Learning
Random Forest
SQL"
"Data Scientist, I",Zebra Technologies,"Bengaluru, Bangalore",0-2 Yrs,"IT Skills
Software Development
Machine Learning
Big Data
Data Science
Machine Learning
Python"
Junior Data Scientist/ TA,WSD CONSULTANT PRIVATE LIMITED,"Chennai, Pune, Mumbai, Bengaluru, Gurgaon, Hyderabad",1-5 Yrs,"IT Skills
Data Science
Machine Learning
Artificial Intelligence
Data Science
Content Delivery
Artificial Intelligence
Content Development"
Head - Data Scientist - Machine Learning,e-Hireo Global Pvt Ltd,Bengaluru,8-10 Yrs,"Data Science
R
Data Scientist
Data Management
Machine Learning
Algorithm
Analytics
Python"
Sr. Data Analyst,Multi Recruit   ,Bengaluru,5-7 Yrs,"Data Science
Business Modeling
Power BI
Computer Science
Data Analysis
Big Data
Data Visualization
Microsoft Azure"
Data Scientist,GANIT BUSINESS SOLUTIONS PRIVATE LIMITED,"Chennai, Delhi NCR, Mumbai, Bengaluru, Hyderabad, Gurgaon",3-5 Yrs,"python
data analytics
EDA
SAS
Power Bi
time series
business analytics
business intelligence"
Hiring Data Scientist For Innominds,INNOMINDS SOFTWARE SEZ INDIA PRIVATE LIMITED,"Bengaluru, Hyderabad",5-10 Yrs,"IT Skills
Testing
Data Science
Data Science
Algorithm Development
deep learning
Algorithms
Artificial Intelligence"
Staff Data Scientist,Infoblox,Bengaluru,3-8 Yrs,"Computer science
Data analysis
data science
Machine learning
SCALA
DNS
Network security
Data mining"
Data Scientist - Big Data / Machine Learning,India Israel Innovation HUB,Delhi NCR,7-12 Yrs,"IT Skills
Python
C#
Data Science
Java
Data Scientist
Artificial Intelligence
SCALA"
Senior Data Scientist For Bangalore,Kinara Capital,Bengaluru(1st Stage Indira Nagar +1),4-8 Yrs,"data analysis
statistical analytics
Mathematics
machine learning
business intelligence
financial services
sql
Engineering"
Data Scientist - Machine Learning,Catalyst,Bengaluru,2-7 Yrs,"Data Science
Data Quality
Data Scientist
Statistical Modeling
Statistical Analyst
Machine Learning"
Chief Data Scientist - Machine Learning/ Python,Catalyst,Bengaluru,7-12 Yrs,"IT Skills
Data Science
Data Science
R
Data Scientist
Hadoop
Statistical Modeling
Spark"
Chief Data Scientist - Machine Learning/ Python,Catalyst,Bengaluru,9-14 Yrs,"IT Skills
Python
Data Science
Machine Learning
Data Science
R
Algorithms
Data Structures"
Data Scientist II,General Mills,Mumbai,5-10 Yrs,"Data analysis
data science
Analytical
Machine learning
PLSQL
Mathematics
HTML
Data mining"
Data Scientist II,General Mills,Mumbai,5-10 Yrs,"Data analysis
data science
Analytical
Machine learning
PLSQL
Mathematics
HTML
Data mining"
Senior Data Analyst/Data Capabilities,Bajaj Finance Limited,Pune,6-10 Yrs,"Data Science
Business Intelligence
R
Project Management
Product Portfolio
Data Analysis
MS SQL Server
Web Analytics"
Chief Data Scientist - Machine Learning/python,Catalyst,Bengaluru,7-12 Yrs,"IT Skills
Python
Data Science
Data Science
R
Algorithms
Data Structures
Hadoop"
Urgent Hiring I Expert DATA Scientist For Canada,BASICS OF IMMIGRATION CONSULTANT SERVICES LLP ,Canada,2-7 Yrs,"Data Science
Java
R
Algorithms
data
Hadoop
Data Analysis
Data Mining"
Urgent Hiring I Expert DATA Scientist For Canada/Australia/Germany,BASICS OF IMMIGRATION CONSULTANT SERVICES LLP,"Hong Kong, Canada",5-10 Yrs,"IT Skills
Java
Python
Data Science
Tableau
tl data scientist
data analysis
data mining"
Manager Data Science,EY,"Bengaluru, Bangalore",10-14 Yrs,"Excellent business communication
SAS/R/Python programming etc.
Insurance/ Banking/ Finance/Procurement/Talent Analytics
Consulting
machine learning
Quality process skills
stats modelling"
Data Scientist,Aryng,India,5-10 Yrs,"IT Skills
Data Science
Machine Learning
Data Science
Data Scientist
Data Management
Data Modeling
Data Analytics"
Data Scientist/ Junior Data Scientist - AI HealthGlobal Startup,Benovymed Healthcare,Gurgaon Gurugram,1-5 Yrs,"Tensorflow
Data Science
Predictive Modeling
NLP
Artificial Intelligence
Data Scientist
Data Architect
Machine Learning"
Senior Manager Marketing Data Analytics,Philips India Limited,Bengaluru,11-14 Yrs,"Data Science
predictive analytics
Marketing mix modeling
Sales Forecasting
ROI"
Placement Officer / Placement Coordinator - DataTrained,Data Trained Education,Noida(Sector-59 Noida),0-5 Yrs,"placement officer
Placement Coordination
data science placement
corporate tie-ups
summer placements
placement
mba placement
linkedin expert"
Data Scientist - R/Python - IIT/NIT/BITS,EiC Tec hsys,Delhi/NCR Delhi NCR,3-8 Yrs,"IT Skills
Python
Machine Learning
Big Data
Data Science
R
ElasticSearch
Data Scientist"
Internship,DATA SCIENCE FOUNDATION,Kolkata,0-1 Yrs,"Web technologies
Executive
data science
Analytical
digital strategy
Internship
Secondary research"
Senior Data Scientist,ExecBoardinAsia,Bengaluru,5-10 Yrs,"Data analysis
data science
Machine learning
SCALA
Customer service
Business intelligence
Forecasting
Product marketing"
Senior Data Scientist,Bewakoof Brands,Bengaluru,8-13 Yrs,"Accessories
Data analysis
Quality improvement
Version control
data science
Business Analyst
Machine learning
Customer experience"
Data Analyst - Fraud Detection,Mindsoft India,Bengaluru,4-8 Yrs,"C#
Data Science
Amazon EC2
Data Analyst
ETL
SSIS
Amazon Athena
Fraud Reporting"
Data Scientist - 3,Varite,Bengaluru,7-11 Yrs,"IT Skills
Java
Python
Data Science
Machine Learning
Big Data
Computer science
deep learning"
Data Scientist,NeenOpal Intelligent Solutions Pvt. Ltd.,Bengaluru,2-6 Yrs,"IT Skills
Python
Data Science
Machine Learning
Supply chain
data science
Coding
Neural networks"
Data Scientist,Mobiotics IT Solution Pvt Ltd,Bengaluru(HSR Layout),2-5 Yrs,"IT Skills
Python
Data Science
Cloud
Big Data
AWS
Azure
Big Data Analytics"
Staff Data Scientist,Walmart Labs,Bengaluru,4-8 Yrs,"IT Skills
Python
Data Science
Machine Learning
Cloud
Big Data
Data analysis
data science"
Data Analyst - Python/ R,e-Hireo Global Pvt Ltd,Bengaluru,2-4 Yrs,"IT Skills
Python
Testing
Data Science
Data Science
Visualization
R
Data Visualization"
Senior Data Scientist,Walmart Labs,Bengaluru,7-10 Yrs,"Quality standards
data science
Neural networks
E-commerce
Predictive modeling
Research
big data
Forecasting"
Senior Data Scientist,Zendrive Inc,Bengaluru,5-7 Yrs,"Data analysis
Prototype
data science
Analytical
Machine learning
Signal processing
Data collection
big data"
Data Scientist,Mobiotics IT Solution Pvt Ltd,Bengaluru(HSR Layout),2-5 Yrs,"IT Skills
Python
Data Science
Cloud
Big Data
AWS
Azure
Big Data Analytics"
Advanced Automation Data Analyst Machine Learning/ Statistical,Serving Skill,"Bengaluru, Gurgaon",5-9 Yrs,"IT Skills
Java
Python
Software Development
Data Science
Power BI
RPA
Azure"
Data Scientist II,Zendrive Inc,Bengaluru,4-8 Yrs,"Computer science
Data analysis
data science
Analytical
risk modeling
Scientist II
Statistics
Analytics"
Data Scientist,Catalyst,Bengaluru,3-7 Yrs,"IT Skills
Python
Machine Learning
Data scientist
Data Science
Deep learning
data crunching
Predictive"
Data Scientist,Global Talent Pool,Bengaluru,2-4 Yrs,"Computer science
Data analysis
SAS
data science
data visualization
Ruby
SQL
Python"
Data Scientist - Python/ SQL,Catalyst,Bengaluru,2-7 Yrs,"IT Skills
Java
Python
Data Science
Machine Learning
Data Science
Java
R"
Data Analyst - Quant & Data Mining,Catalyst,Bengaluru,2-6 Yrs,"Data Science
Dashboard Design
Data Mining
Data Visualization
Data Analyst
Data Analytics
Quant"
Lead Data Scientist,Cambridge Technology Enterprises Limited,Hyderabad(Madhapur),10-20 Yrs,"IT Skills
Python
Testing
Data Science
Machine Learning
Cloud
Azure
Data Science"
Head - Data Scientist - Machine Learning,e-Hireo Global Pvt Ltd,Bengaluru,8-10 Yrs,"Data Science
R
Data Scientist
Data Management
Machine Learning
Algorithm
Analytics
Python"
Data Scientist,Search Advisers Services ( GUJ ) Pvt. Ltd.  ,"Chennai, Pune, Delhi NCR, Mumbai, Bengaluru, Hyderabad",2-7 Yrs,"Data Science
NLP
Artificial Intelligence
Regression
Data Extraction
Machine Learning
Deep Learning"
Data Scientist,Search Advisers Services ( GUJ ) Pvt. Ltd.  ,"Chennai, Pune, Delhi NCR, Mumbai, Bengaluru, Hyderabad",2-7 Yrs,"IT Skills
Machine Learning
Data Science
NLP
Artificial Intelligence
Regression
Data Extraction
Machine Learning"
Data Scientist,Alstom Transportation,Bengaluru,10-12 Yrs,"Data Science
Anomaly Detection
R
NLP
Artificial Intelligence
Time Series
Spacy
Machine Learning"
Senior Data Scientist - Machine Learning,Serving Skill,Kochi,6-9 Yrs,"IT Skills
Python
Data Science
Machine Learning
Cloud
Big Data
Azure
Data Science"
Principal DATA Scientist,WSD CONSULTANT PRIVATE LIMITED,Bengaluru,8-13 Yrs,"python
statistical modelling & research
data science
principal data scientist
data mining
text mining
head mistress data scientist
machine learning"
Data Analyst,Calsoft Pvt. Ltd,"Pune, Bengaluru",6-8 Yrs,"data science
GCP
spark
Machine learning
AWS
Analytics
Python"
Chief Data Scientist with an Leading Learning Organisation,SKILLVENTORY,Bengaluru,10-20 Yrs,"Data Science
R
Data Mining
Python"
Senior Data Scientist,Flipkart,Bengaluru,2-7 Yrs,"Pytorch
Tensorflow
Data Science
NLP
Algorithms
Product Selection
Image Processing
Classification"
Data Scientist | Contract on Deloitte Payroll | Bangalore,Deloitte,Bengaluru,7-12 Yrs,"Data Science
Predictive Modeling
Logistic Regression
SQL"
Senior Data Scientist - Machine Learning,Serving Skill,Kochi,6-9 Yrs,"IT Skills
Python
Data Science
Machine Learning
Cloud
Big Data
Azure
Data Science"
Principal DATA Scientist,WSD CONSULTANT PRIVATE LIMITED,Bengaluru,8-13 Yrs,"python
statistical modelling & research
data science
principal data scientist
data mining
text mining
head mistress data scientist
machine learning"
Data Analyst,Calsoft Pvt. Ltd,"Pune, Bengaluru",6-8 Yrs,"data science
GCP
spark
Machine learning
AWS
Analytics
Python"
Chief Data Scientist with an Leading Learning Organisation,SKILLVENTORY,Bengaluru,10-20 Yrs,"Data Science
R
Data Mining
Python"
Senior Data Scientist,Flipkart,Bengaluru,2-7 Yrs,"Pytorch
Tensorflow
Data Science
NLP
Algorithms
Product Selection
Image Processing
Classification"
Data Scientist | Contract on Deloitte Payroll | Bangalore,Deloitte,Bengaluru,7-12 Yrs,"Data Science
Predictive Modeling
Logistic Regression
SQL"
Data Scientist - Machine Learning,Talpro,Gurgaon,3-6 Yrs,"IT Skills
Python
Data Science
Machine Learning
Product Management
Data Science
Logistic Regression
Data Scientist"
Decision Scientist-Operations Research and Decision Analysis,Logix Microsystems,Bengaluru,0-3 Yrs,"Statistical process control
Logistic regression
Operations research
Prototype
data science
Machine learning
Data analytics
data visualization"
ValueLabs hiring Data Scientists,ValueLabs LLP,Hyderabad,5-8 Yrs,"IT Skills
Python
Testing
HTML
CSS
Data Science
CSS
Application Architecture"
SR DATA Scientist,Larsen & Toubro Infotech Limited,India,5-9 Yrs,"IT Skills
Python
Data Science
Machine Learning
Artificial Intelligence
deep learning
Data analysis
data science"
Data Scientist Intern Rigbot,rigbot.com,Not Specified,0-1 Yrs,"Data Science
python
R
Hadeep
Machine Learning
SQL"
Junior Data Scientist,Analytos,India,0-2 Yrs,"IT Skills
Big Data
Text mining
deep learning
NoSQL
RF
data science
Data research"
Faculty ( Asst. Professor/Professor) Big Data Analytics,Adani Management Institute of Data Sciences & Digital Technology (AMIDSDT),Ahmedabad,5-10 Yrs,"Data Science
Blockchain Technology
Student Engagement
Professor Activities
Business Intelligence
Big Data Analytics
Education
Artificial Intelligence"
Senior Data Scientist,PEOPLE STAFFING SOLUTIONS,"Delhi NCR, Bengaluru, Hyderabad",9-14 Yrs,"IT Skills
Python
Machine Learning
Big Data
r
python
Excel
data science"
Data Scientist,PEOPLE STAFFING SOLUTIONS,"Delhi NCR, Bengaluru, Hyderabad",3-8 Yrs,"hive
Predictive Modeling
Natural Language Processing
Model Validation
pyspark
Machine Learning
Deep Learning
sql"
Senior Spec Supply Chain (Data Analyst),GLOBALFOUNDRIES Engineering Private Limited,Bengaluru,5-10 Yrs,"Data Science
R
Artificial Intelligence
Data Analysis
Data Analyst
Data Analytics
Machine Learning
Python"
Data Scientist - Tableau / Python / Hadoop,CliqHR Recruitment Services,"Bengaluru, Hyderabad",6-10 Yrs,"IT Skills
Java
Python
Data Science
Tableau
Data Science
Java
R"
Software Developer,IBM India Pvt. Limited,Bengaluru,0-2 Yrs,"IT Skills
Java
Python
Software Development
Cloud
Javascript
AWS
Azure"
MIS Executive / Data Analyst / Research Analytics / WFM – MNC Jobs 5L,GABA Consultancy services ,"Faridabad, Delhi NCR, Ghaziabad",0-5 Yrs,"fresher data analyst
Power Bi
Process Analysis
Operation manager
Banking
Tableau
Marketing Analytics
graduate fresher"
Sr. Data Scientist,AVE-Promagne ,"Chennai, Bengaluru",6-11 Yrs,"IT Skills
Python
Testing
Data Science
Machine Learning
Big Data
Data Science
Neural networks"
Data Scientist,Airtel Payments Bank Limited,"Bengaluru, Hyderabad, Gurgaon",3-6 Yrs,"Data Science
NoSQL
Algorithms
Linux
Business Modeling
Artificial Intelligence
Machine Learning
Statistics"
MIS Executive / Data Analyst / Research Analytics / WFM – MNC Jobs 5L,GABA Consultancy services ,"Faridabad, Delhi NCR, Ghaziabad",0-5 Yrs,"fresher data analyst
Power Bi
Process Analysis
Operation manager
Banking
Tableau
Marketing Analytics
graduate fresher"
Data Scientist,Talent Power Consulting,Pune,4-8 Yrs,"data science
Coding
Consulting
Machine learning
Agile methodology
Python
Testing"
MIS Executive / Data Analyst / Research Analytics / WFM – MNC Jobs 5L,GABA Consultancy services ,"Delhi NCR, Greater Noida, Gurgaon",0-5 Yrs,"fresher data analyst
Power Bi
Process Analysis
Operation manager
Banking
Tableau
Marketing Analytics
graduate fresher"
Data Scientist | A Leading Industry | Hyderabad,Hindco Recruitment Consultants,"Mumbai Suburbs, Mumbai, Thane",2-7 Yrs,"python
data analysis
data management
oracle
c
sas
tableau consultant
data mining"
Lead Data Scientist - SQL/R/Python,CliqHR Recruitment Services,"Bengaluru, Hyderabad",10-15 Yrs,"IT Skills
Python
Data Science
Machine Learning
Big Data
Data Science
Data Scientist
Big Data"
Data Scientist,torcai digital media,Pune,3-6 Yrs,"Data analysis
data science
Machine learning
Mentor
Statistics"
Senior Data Scientist,ExecBoardinAsia,Pune,5-10 Yrs,"Data analysis
Statistical analysis
data science
Machine learning
Management
Research
Monitoring"
EDI Consultant,IBM India Pvt. Limited,Bengaluru,0-3 Yrs,"IT Skills
Java
Python
Software Development
Data Science
Java
Software Development
NoSQL"
Senior Analyst-Data Science,Accenture Solutions Pvt Ltd,Bengaluru,5-8 Yrs,"IT Skills
Data Science
Analyst
Publishing
Excel
Statistical analysis
Architecture
data science"
Data Science Trainer || Product/Service Based || Thrissur,Sunrise Job Consultancy ,Thrissur,3-5 Yrs,"python
IT Skills
Python
tensorflow
pytorch"
Opening in Chennai For Data Scientist,Sparx HR  ,"Chennai, Bengaluru, Hyderabad",5-8 Yrs,"Data Science
Machine Learning
Python
Java
c++
Azure
telematics
RNN/CNN"
Hiring Business Analyst - Bangalore,Udaan,Bengaluru,2-7 Yrs,"Data Science
Business Analytics
Data Analysis
data scientist
analyst
Data Analytics
Analytics
Business Analysis"
Data Scientist,Sociolla,Delhi NCR,5-10 Yrs,"NoSQL
Artificial Intelligence
Python
Anomaly Detection
Data Science
Scipy
R
Machine Learning"
Data Scientist – Document Extraction,ARIMON DIGILYTICS PRIVATE LIMITED,Gurgaon,2-5 Yrs,"Data Science
R
Rest
Databases
NLP
regression
BERT
Data Modeling"
Data Scientist,Infolona Consumer Solutions (P) Ltd,Gurgaon,2-7 Yrs,"Text mining
data science
SAAS
Machine learning
Data collection
Information retrieval
Business modeling
Analytics"
Looking For Data Scientist - Optimization Consultant,INDORAMA VENTURES GLOBAL SHARED SERVICES PVT LTD,Kolkata,3-8 Yrs,"IT Skills
Python
Data Science
databases
optimization consultant
data science
data mining
data scientist"
Senior Data Analyst - IT (Pune),Krazy Mantra HR Solutions Pvt. Ltd,Pune,4-8 Yrs,"ETL
AWS
IT Skills
Python
Data Science
Cloud
AWS
python"
Data Scientist/Junior Data Scientist - AI HealthGlobal Startup,Benovymed Healthcare,Gurgaon Gurugram,1-5 Yrs,"Tensorflow
Data Science
Predictive Modeling
NLP
Artificial Intelligence
Data Scientist
Data Architect
Machine Learning"
Data Scientist,JAVAJI TALENTS PRIVATE LIMITED,Chennai,3-8 Yrs,"IT Skills
Python
Data Science
Data Science"
Data Scientist,Beinex Solutions LLC.,Kochi,3-6 Yrs,"Machine Learning
Deep Learning
Python
IT Skills
Python
Data Science
Machine Learning
Tensorflow"
Senior Data Scientist,"Fetch Rewards, Inc.",Remote,5-10 Yrs,"IT Skills
Python
Data Science
Machine Learning
Big Data
AWS
Tableau
Computer science"
Senior Data Scientist,Dream11 Inc,Mumbai,3-4 Yrs,"Data analysis
Backend
customer analytics
data science
Business analytics
Demand forecasting
Machine learning
data visualization"
Data Scientist - Business Analytics,Alamy Images India Pvt Ltd,Remote,1-6 Yrs,"IT Skills
Python
Data Science
Big Data
Prototype
data science
Business analytics
Analytical"
Urgent opening For Data Scientists,Sitel India Pvt Ltd,"Mumbai, Hyderabad",8-11 Yrs,"Pytorch
Data Science
Supervised Learning
NLP
Natural Language Processing
Keras
Machine Learning
Deep Learning"
Data Scientist,Aptus Health,Mumbai,1-3 Yrs,"Data Science
Java
Exploratory Data Analysis
Octave
Machine Learning
Deep Learning
SQL"
Data Scientist,INDORAMA VENTURES,"Mumbai, Kolkata",5-10 Yrs,"Data Science
R Shiny
Python
Predictive Modeling
Advanced Analytics
Data Visualization
Tableau
Data Analytics"
Data Engineer - BDM Informatica,TransOrg Analytics,Gurgaon Gurugram,2-4 Yrs,"data mining
Python
Data Science
Data Scientist
R
SQL
Machine learning
Predictive Modeling"
Data Analyst,Mindworks Global Media Services,Delhi,1-5 Yrs,"Training
data science
Machine learning
HTML
Natural language processing
Data Analyst
Internship
SQL"
Data Architect-BI,IBS Software Services Pvt.Ltd,Kochi,8-14 Yrs,"Data analysis
Data migration
Data management
data science
Data modeling
Corporate
Cloud
Data Architect"
Senior Data Scientist (Remote / Work from Home),WalletHub,"Delhi NCR, Bengaluru, Hyderabad",10-20 Yrs,"Data Science
Machine Learning
Python
Predictive Modeling
Artificial Intelligence"
Data Scientist - Analytics/machine Learning,Recrumart,Bengaluru,5-8 Yrs,"IT Skills
Machine Learning
Product Management
Azure
Data Science
Predictive Modeling
R
Azure"
Senior Data Scientist - Internet/Online,e-Hireo Global Pvt Ltd,Bengaluru,7-12 Yrs,"Data Science
SAS
Data Scientist
Data Management
Big Data
Data Warehousing
Data Modeling
Statistics"
Data Scientist - Internet/Online,e-Hireo Global Pvt Ltd,Bengaluru,2-5 Yrs,"Data Science
Data Scientist
Data Management
Data Analytics
Analytics"
Data Scientist - Analytics Product,Hexaconcepts,Bengaluru,4-8 Yrs,"Data Science
Predictive Modeling
Data Scientist
Data Management
Statistical Modeling
Data Analytics
Machine Learning
Statistics"
Data Scientist - KPO,Antrors HR Solutions,Bengaluru,2-5 Yrs,"Data Science
Predictive Modeling
NLP
Data Scientist
Artificial Intelligence
Data Management
Statistical Modeling
Data Modeling"
Data Scientist - R/Python,Valuable Consulting,Bengaluru,6-11 Yrs,"IT Skills
Java
Python
Data Science
Machine Learning
Big Data
Data Modelling
SQL"
Lead Data Scientist,Catalyst,Bengaluru,2-7 Yrs,"IT Skills
Testing
Machine Learning
Data Science
Pattern Recognition
Artificial Intelligence AI
Image Processing
Computer Science"
Lead Data Scientist,TNP CONSULTANCY PRIVATE LIMITED ,Bengaluru,3-5 Yrs,"IT Skills
Python
Testing
Data Science
Machine Learning
Big Data
Tableau
Tensorflow"
Data Scientist,Catalyst,Bengaluru,2-7 Yrs,"IT Skills
Machine Learning
Big Data
Data Science
NLP
Data Scientist
Machine learning
Predictive"
Lead Data Scientist - Python/ R/ SQL,e-Hireo Global Pvt Ltd,Bengaluru,3-8 Yrs,"Data Science
R
eCommerce
Data Scientist
Data Visualization
Data Analytics
Python
SQL"
Senior Data Scientist - CPG Sector,NovoTree Minds Consulting Pvt. Ltd.,Bengaluru,5-10 Yrs,"Data Science
Data Scientist
Data Management
Statistical Modeling
GLM / Mix Models
Data Modeling
Data Analytics
Statistics"
Data Scientist,Verifiedhires  ,Bengaluru,2-7 Yrs,"IT Skills
Python
Machine Learning
Big Data
Data Science
Predictive Modeling
R
NoSQL"
Associate Director - Data Operations,ExecBoardinAsia,Bengaluru,5-10 Yrs,"Data management
data science
Business analytics
Architectural design
Customer support
High level design
Associate Director
big data"
Immediate opening For Data Scientist @Ahmedabad,Azine Technologies,Ahmedabad,2-4 Yrs,"IT Skills
Python
Tableau
Data Science
R
MongoDB
Deep Learning
Python"
Data Scientist/ Senior Data Scientist - CPG Domain,NovoTree Minds Consulting Pvt. Ltd.,Bengaluru,4-8 Yrs,"Data Science
Data Scientist
Statistical Modeling
Statistics
Analytics
SQL
Python"
Data Scientist - Algorithm/ Machine Learning,Ally -eXecutive HR Consulting Partner,Bengaluru,6-9 Yrs,"IT Skills
Python
Machine Learning
Cloud
Big Data
AWS
Tensorflow
Data Science"
Lead - Data Scientist,Catalyst,Bengaluru,6-11 Yrs,"IT Skills
Machine Learning
Big Data
Data Science
Data Scientist
Machine learning
Predictive
Time Series"
Lead Data Scientist,Catalyst,Bengaluru,2-4 Yrs,"IT Skills
Testing
Machine Learning
Data Science
Pattern Recognition
Artificial Intelligence AI
Image Processing
Computer Science"
Lead Data Scientist,Catalyst,Bengaluru,2-2 Yrs,"IT Skills
Testing
Machine Learning
Data Science
Pattern Recognition
Artificial Intelligence AI
Image Processing
Computer Science"
Manager - Data Scientist/python,Huquo Consulting Pvt. Ltd,Gurgaon,5-8 Yrs,"Data Science
NLP
Retail Analytics
Data Scientist
Data Management
Statistics
Python"
Platform Architect Big Data,ExecBoardinAsia,Bengaluru,5-10 Yrs,"Telecom
Resource utilization
data science
Architectural design
Manager Technology
Vice President
Mentor
Deployment"
Data Analyst | Leading Company | Mumbai,Hindco Recruitment Consultants,"Mumbai Suburbs, Mumbai, Thane",2-7 Yrs,"python
data analysis
data management
oracle
c
sas
tableau consultant
data mining"
Lead - Data Scientist,Bion,Bengaluru,6-11 Yrs,"IT Skills
Machine Learning
Big Data
Data Science
Data Scientist
Machine learning
Predictive
Time Series"
Data Scientist,Bion,Bengaluru,2-7 Yrs,"IT Skills
Machine Learning
Big Data
Data Science
NLP
Data Scientist
Machine learning
Predictive"
Lead - Data Scientist,Bion,Bengaluru,6-10 Yrs,"IT Skills
Machine Learning
Big Data
Data Science
Data Scientist
Machine learning
Predictive
Time Series"
Lead - Data Scientist,Bion,Bengaluru,6-8 Yrs,"IT Skills
Machine Learning
Big Data
Data Science
Data Scientist
Machine learning
Predictive
Time Series"
Lead Data Scientist,Bion,Bengaluru,2-7 Yrs,"IT Skills
Testing
Machine Learning
Data Science
Pattern Recognition
Artificial Intelligence AI
Image Processing
Computer Science"
Backend Engineer - Data Warehousing/ Python/ ETL,Catalyst,Bengaluru,2-5 Yrs,"IT Skills
Python
Data Science
Data Science
NoSQL
Postgresql
Hadoop
MongoDB"
Data Scientist - Python/r,Catalyst,Bengaluru,2-6 Yrs,"IT Skills
Python
Testing
Data Science
R
Data Scientist
Data Management
product development"
Big Data Developer - Python/ Hadoop,Catalyst,Bengaluru,3-8 Yrs,"IT Skills
Java
Python
Data Science
Machine Learning
Big Data
Data Science
Java"
Delivery Manager- Data/ Tech,UpGrad,Mumbai,4-9 Yrs,"Data Science
Team Management
Agile Project Management
Communication Skills
Training Needs
ownership
Artificial Intelligence
team handling"
Sr NLP & Text Mining Data Scientist,Valence Health,Pune,7-12 Yrs,"IT Skills
Java
Python
Cloud
Elastic Search
Big Data
AWS
Azure"
Director/senior Director Engineering - Big Data Technologies,Catalyst,Bengaluru,10-15 Yrs,"IT Skills
Java
Software Development
Data Science
Big Data
software development
java
data science"
Data Scientist - Artificial Intelligence/ Machine Learning,Okda Solutions,Hyderabad,4-8 Yrs,"IT Skills
Oracle
HTML
Tableau
Data Science
R
NLP
NoSQL"
Part time Academic Writer For Operations/ Supply Chain Management,Paperpedia private limited,"Delhi NCR(Sector-16 Noida), Mumbai, Bengaluru, Gurgaon, Noida, Hyderabad",0-5 Yrs,"operations management
economic order qs model
demand forecasting
logistics management
academic research
transportation
logistic mapping
data science"
Data Scientist/Bangalore,Cybernetic Management Professionals ,Bengaluru,3-7 Yrs,"Artificial Intelligence
deep data
Natural Language Processing
Neural Networks
Telematics Control Unit
Scikit Learn
random forest
decision scientist"
Lead Member Technical Staff - Data Intelligence,"salesforce.com, inc.",Hyderabad,8-10 Yrs,"Operational excellence
data science
Coding
Business analytics
Engineering Manager
Data processing
Data quality
Continuous improvement"
Data Scientist,Evalueserve,Gurgaon,3-8 Yrs,"Data Science
Artificial Intelligence
Natural Language Processing
Text Mining
Machine Learning
Python"
Senior Data Scientist,BCG,"Chennai, Delhi, Mumbai",1-2 Yrs,"Computer science
Analytical skills
advanced analytics
SDS
data science
Artificial Intelligence
Machine learning
Management consulting"
Data Scientist - DS & AI Ecosystem - Center Of Excellence,Market Scope,Hyderabad,8-10 Yrs,"IT Skills
Data Science
Data Science
Data Scientist
Artificial Intelligence
Data Management
AI
Data Analytics"
DATA Scientist,Optimum Business Solutions,Noida,4-7 Yrs,"IT Skills
Python
Data Science
Machine Learning
Manual Testing
Data Science
C
Text Analytics"
Data Scientist(Associate/Sr.Associate),HELLES TALENT SOLUTIONS PRIVATE LIMITED  ,Bengaluru,6-11 Yrs,"Data Science
Data Analytics
DATA SCIENTIST
Deep Learning
Python"
"Senior Advisor, Data Engineering",Varite,Hyderabad,4-8 Yrs,"IT Skills
Java
Data Science
.Net
spring boot
data science
spark
SCALA"
Machine Learning / Data Scientist: Hyderabad / Pune,TEZRA INDIA PRIVATE LIMITED  ,"Pune, Hyderabad",4-9 Yrs,"IT Skills
Python
Machine Learning
Data scientist
Machine Learning modeling
Data science
Machine Learning
Forecasting"
Data Scientist - Digital Marketing at Piramal Consumer Finance,PIRAMAL,Mumbai,2-6 Yrs,"Data Science
Business Intelligence
Analytics
Python"
"Data Analyst, Large Customers",Criteo,Gurgaon,2-6 Yrs,"IT Skills
Python
Data Science
Big Data
Tableau
SSP
Automation
Data analysis"
Tableau Data Analyst,iMerit Technology Services,Kolkata,3-5 Yrs,"IT Skills
Testing
Data Science
Tableau
Computer science
tableau
Publishing
Excel"
Hiring For Data Scientist 3-7 Years Experience,Hyper Thread Solutions Pvt. Ltd.,Hyderabad,3-7 Yrs,"IT Skills
Python
Data Science
Machine Learning
Artificial Intelligence
Tensorflow
Nltk
Data Science"
Hiring For DATA Analyst,6WRESEARCH & DATABASE SERVICES PRIVATE LIMITED,"Delhi NCR, Delhi",2-4 Yrs,"Data Science
Excel
Data Analysis
Data Visualization
SPSS
Market Analysis
Statistical Analysis
Competitive Analysis"
Intern,IBM India Pvt. Limited,Multiple,0-1 Yrs,"IT Skills
Java
Python
Machine Learning
Data Science
Java
Algorithms
Unit Testing"
Data Scientist - Machine Learning & Statistical Analysis - R/ Python,Talent Stock Solutions,Delhi,2-5 Yrs,"Data Science
R
C
Data Scientist
Statistical Analyst
Machine Learning
Algorithm
Python"
Data Analyst,Sripathi Paper and Boards,Coimbatore,1-5 Yrs,"Computer science
Data analysis
Operations research
data science
Analytical
Design development
Deployment
Data Analyst"
Data Analyst,Mindworksglobal,Delhi,1-2 Yrs,"Analytical skills
Training
Usage
Statistical analysis
data science
Machine learning
Natural language processing
Data Analyst"
Data Architecture Principles Application Designer,Accenture Solutions Pvt Ltd,Hyderabad,6-8 Yrs,"IT Skills
Python
Data Science
Machine Learning
AWS
Business process
Linux
data science"
Assistant Professor/ Associate Professor/Professor in computer science,VIT Bhopal University( a unit of VIT TRUST),Bhopal,0-5 Yrs,"Emerging Technologies
Computer Science
Data Science
Professor Activities
Lecturer Activities
Cloud Computing
Cyber Security
University"
Principal Data Scientist,GO-JEK,Bengaluru,6-12 Yrs,"Unix
Computer science
Simulation
data science
Machine learning
Research
Distribution system
Forecasting"
Senior Data Scientist,Bayer,Bengaluru,8-12 Yrs,"Data Science
Predictive Modeling
R
Genomics
operations research
AI
Genetics
Machine Learning"
Data Scientist,Bayer,Bengaluru,5-8 Yrs,"Data Science
Predictive Modeling
R
Genomics
operations research
AI
Genetics
Machine Learning"
"Trainer - Data Scientist/ AIML Engineer
",WEBI7 DIGITAL CONSULTANT LLP ,Bengaluru(Marathahalli),3-6 Yrs,"Pytorch
Tensorflow
Data Science
Rnn
NLP
Artificial Intelligence
Machine Learning
Deep Learning"
Senior Data Scientist- Computer Vision,Walmart Labs,Bengaluru,3-6 Yrs,"Training
Computer vision
deep learning
data science
Neural networks
Machine learning
Agile
Wellness"
Data Scientist,Kaplan Test Prep,Bengaluru,2-5 Yrs,"Text mining
SAS
data science
Analytical
Machine learning
Marketing operations
Data mining
Multivariate analysis"
Graduate Engineer Trainee,National Payments Corporation of India,"Chennai, Mumbai, Hyderabad",0-2 Yrs,"Data Science
Go Getter
Emerging Technologies
Open Source"
Graduate Engineer Trainee,National Payments Corporation of India,"Chennai, Mumbai, Hyderabad",0-2 Yrs,"Data Science
Go Getter
Emerging Technologies
Open Source"
Assistant Professor (Computer Science),GITAM University,"Bengaluru, Hyderabad, Visakhapatnam",0-5 Yrs,"University
Computer Science
Industry Research
Data Science
Faculty Development
Professor Activities
Artificial Intelligence
Phd"
Lead Data Scientist (Banking Operations),Snaphunt,Bengaluru,8-13 Yrs,"Data Science
Clearing
Financial Services
Banking Operations
Linux
Machine Learning
Statistical Analysis
Statistics"
Chief Data Scientist,NIIT Technologies,Bengaluru,8-13 Yrs,"Data Science
Java
R
Algorithms
SCALA
Problem Solving
Data Mining
Statistics"
Data Scientist Trainee,QuickXpert Infotech,"Navi Mumbai, Mumbai, Thane",0-5 Yrs,"IT Skills
Python
Data Science
python
oracle
Oracle Developer
ai
python developer"
Urgent requirement - Data Scientist / Senior Data Scientist - NIIT Ltd,NIIT Technologies,Bengaluru,3-8 Yrs,"Data Science
Java
R
Algorithms
SCALA
Problem Solving
Data Mining
Mathematics"
Senior Data Scientist,Boomerang Commerce,Bengaluru,2-4 Yrs,"Computer science
data science
Architecture
Hadoop
Programming
Data structures
E-commerce
Forecasting"
Delivery Head Data & Anlaytics,Live connections  ,"Chennai, Pune, Mumbai, Bengaluru, Hyderabad, Noida",15-16 Yrs,"IT Skills
Data Science
Big Data
Data Science
Big Data Analytics
advance analytics"
Senior Data Scientist,GO-JEK,Bengaluru,3-7 Yrs,"Design engineering
data science
Machine learning
query
Data collection
Infrastructure
Product design
Monitoring"
Senior Data Scientist,Walmart Labs,Bengaluru,5-9 Yrs,"IT Skills
Java
Python
Data Science
Machine Learning
Big Data
Computer science
data science"
Senior Data Scientist - AI and Digital Lab,"Center for Study of Science, Technology and Policy",Bengaluru,5-10 Yrs,"Supply chain
Computer vision
GIT
data science
GCP
Machine learning
Healthcare
SQL"
Associate Data Scientist,Novotree Minds Consulting Pvt Limited,Bengaluru,2-5 Yrs,"Predictive Modeling
Logistic Regression
SAS
Artificial Intelligence
Machine Learning
Analytics
Data Science
Regression Analysis"
